:020000040800F2
:10000000C01D0020D5000008559A0008BD7A0008E0
:1000100000000000000000000000000000000000E0
:1000200000000000000000000000000013C90008EC
:1000300000000000000000006DA9000801EC0008AD
:10004000E7000008E700000863B20008E7000008C6
:10005000E700000829380008393800084938000846
:10006000E7000008E7000008E7000008392A000858
:10007000E7000008E7000008E7000008E7000008C4
:10008000F1EC0008E7000008E700000800000000AD
:10009000E9EC0008E7000008E7000008E7000008B6
:1000A000E7000008E7000008E7000008EDF6000898
:1000B000E7000008FDB1000800000000E7000008AC
:1000C0000348854600F0F8FE004800475D2401081B
:1000D000C01D00200448804704480047FEE7FEE7B3
:1000E000FEE7FEE7FEE7FEE795EC0008C10000082A
:1000F00030B50B46014600202022012409E00D46C0
:10010000D5409D4205D31D469540491B2546954047
:1001100040191546521E002DF1DC30BD70B500248B
:100120002546002801DA01244042002901DA012590
:100130004942FFF7DDFFAC4200D04042002C00D026
:10014000494270BDF0B51FB40646002082B0054696
:100150004024019100901BE0019922460F46304651
:1001600000F0F4FC049A059B801A994110D31046C4
:100170001946224600F0DAFC361A8F4101972246D2
:1001800001200021009F00F0D1FC38184D41009063
:100190002046641E0028DFDC019B00982946324679
:1001A00007B0F0BDF0B51FB486B0002000900190FC
:1001B00002900698069980B204900798090C0204F0
:1001C0000014114307900027089D099806913E46A8
:1001D0003C4603900398A9B20204000C03900498D3
:1001E0002D0C154348430021224600F09FFCC719FF
:1001F000714110340E46402CECDB3846029A00F078
:1002000095FC009A019B8018009059410298019139
:10021000103002904028CCDB00980BB0F0BD0346B4
:100220000B439B0703D009E008C9121F08C0042A2A
:10023000FAD203E00B780370401C491C521EF9D21D
:100240007047D2B201E00270401C491EFBD27047D9
:100250000022F6E710B513460A4604461946FFF792
:10026000F0FF204610BD421C0178401C0029FBD144
:10027000801A704710B5002200E0521C835C8C5C31
:10028000A34201D1002BF8D1D8B2E1B2401A10BD7F
:1002900030B505460020034600E05B1C934205D2C2
:1002A000EC5CC85C201A01D1002CF6D130BD0321D2
:1002B000001D401E037812021A43491EF9D510464C
:1002C000704700000FB400B58DB009900B9010A9D5
:1002D00000200091C0430A9000200C900648069030
:1002E000064807906A4609A80F9900F069FC0DB00E
:1002F00008BC04B018470000E10B0008010C00081E
:10030000FFB50027FF4383B000205C6801909E6822
:100310001D46A9697F1C049888470090296A884770
:100320000028F6D10098401C0CD0032040028443E2
:10033000002E19DD600614D500982B2809D02D2831
:100340000FD103E00020C04307B0F0BD01208002C0
:100350000443A9697F1C04988847761E0090002EEC
:1003600002DD0098302803D00598002825D035E01C
:10037000012040020443A969761E7F1C0498884727
:100380000090002E03DD782805D0582803D005986A
:10039000002810D022E00598002801D010281DD197
:1003A000012040028443A969761E7F1C0498884777
:1003B0000090102002E0082000E00A2005900DE0E7
:1003C000012149020C43059A0199761E51430818F0
:1003D0000190A9697F1C049888470090002E05DDD4
:1003E0000599009800F0D6FB0028E9DAE96904983D
:1003F0008847A00502D40120C043A5E7E00722D129
:10040000600611D56005019800D5404229680A1D93
:100410002A600968220501D5087014E0220701D579
:10042000088010E008600EE02868011D296000685F
:10043000210502D50199017005E02107019901D537
:10044000018000E0016038467EE770B506460FF097
:1004500053FA046805460A220021304600F0E2FB08
:100460002C6070BDF8B502464A40D40F42004B00E4
:1004700052085B089A4202D20246084611464A00D8
:1004800023D0C30D4A00DDB2120EAD1A202D35DA8D
:1004900049020126490AF6058A19002C00D0524269
:1004A00020214F1B1146B9402A411018C20D9A4213
:1004B00021D0002C17D0012D08DCDA05801AD20FCC
:1004C0008019D207DBB200F0EDFBF8BDDA05801A27
:1004D000012340001B06C01880185A428018CA0F1A
:1004E0001043490007E04908C2071143DA05801AA2
:1004F00080194008801800F0CDFBF8BD6100012292
:10050000511A001BF7E70122D2075140AAE7012246
:10051000D2075040A6E7024670B54A40D30FDB072A
:1005200040002DD04A002AD0010E140E0002120203
:100530000919400A520A8418E50104465443000A86
:10054000120A2E045043A4194219200CC543AA18BC
:10055000120C0125AD03521C521912047F392404D8
:1005600000D0521C104301D44000491EC2B20C06F8
:10057000C0092018401C4008802A02D003E0002057
:1005800070BD40084000002900DA0020184370BD0B
:1005900070B502464A40D50F40004A00ED074008BA
:1005A0005208002814D0002A12D0C40DD30D4102E5
:1005B0000120C0055202490A520AE41A0918121809
:1005C0007D34914201D3641C00E04900002C01DA23
:1005D000002070BD0023914201D3891A03434008D3
:1005E00049000028F7D100290AD0914202D1012107
:1005F000C90705E0914201D2012101E00121C9436F
:10060000E005C018401900F045FB70BDF0B5074685
:100610000846584087B0C00F049048000E46590065
:1006200040084908BC1A884105D2384631461E4662
:1006300017460B4602465800400810434CD0300D78
:10064000039040055900400D490D0590401A029055
:10065000402872DA18030121000B090508430190B4
:1006600004980092002805D0019952420020884148
:1006700000920190029840210A1A0199009800F016
:1006800055FA05460C466B4607CB00F070FAC019C8
:100690007141039A0E0D0023D71756401A467A402F
:1006A000164344D0049A002A2DD0029A012A039AB4
:1006B00015DC1205C01A914101263605001C714156
:1006C000D20F059ED2070093019202962A46234636
:1006D00000F02EFB07B0F0BD38463146FAE71605AC
:1006E000224A0F46B218C01AB74101210905001C61
:1006F0004F4100187F41114618187941E20F10430D
:100700006D19644113E0E2076D0815436408C207E0
:100710001443039A01261205C01A91413605001CA4
:100720007141CE07400830434908C01851412A465C
:10073000234600F0F0FACDE7FFE7049801224000DD
:10074000C117121A00238B4104983146C417381A76
:10075000A141EEE730B40124E407634030BC55E723
:1007600030B40124E407614030BC4FE70000E0FFF3
:10077000F0B51FB488B00B99099800244840099936
:10078000C00F490049080991C0070B990090490022
:1007900049080B9109990898A64608431CD00B9963
:1007A0000A98084318D0099801244000420D4800D7
:1007B000410D099824050003000B204309900B9874
:1007C0000003000B20430B9050181C4940180022D6
:1007D00001901446104605E0002001460DB0F0BD22
:1007E000032801DA034600E003239C46C11A0AAE3F
:1007F0000AE05F0008ADED5B4F00F75B7D4300272B
:10080000AA187C41491C5B1E6145F2DD410004AB26
:100810005A522104120C0A43240C401C0828DFDB26
:10082000019802900099704601910090059B049AEE
:100830000799069800F07CFAD0E700000DFCFFFF56
:10084000F0B50C465C4085B0E40FE40703944C001F
:10085000002664085900944649080246029622433D
:1008600021D062460A431ED06200570D4A000E0393
:100870002303550D012402462C492405781B1B0B2C
:10088000360B401823432643614600901C46501AFD
:10089000B44103D30098401C009002E092180098E5
:1008A0005B41002803DA0020014605B0F0BD0020BE
:1008B000012109050746864611E064461D46141BC2
:1008C000B54106D36546521BB341744607430C43FA
:1008D000A646CD0740084908284392185B410546C3
:1008E0000D43EAD11046184313D0604619465040D4
:1008F0007140084306D06046101AB34106D2012267
:10090000002306E000220123DB0702E00122D2439C
:100910005310009874460105381C6141029C039DE8
:100920000019694100F0F7F9BFE70000FD0300007E
:1009300070B54B005B0803430BD04B005C0D0026E9
:1009400033466542B341D417AD1AA34102DB002000
:10095000014670BD12053018514170BDC217C10F5C
:10096000504010B54018CA079623002100F09AF9AC
:1009700010BD10B500229623114600F093F910BD6A
:100980000EB5C217C10F5040CA0740180021054BD1
:100990000293019200910A460B4600F0C9F903B098
:1009A00000BD0000330400000EB50549029100218E
:1009B00000910A460B46019100F0BAF903B000BD60
:1009C00033040000C20F410040020123400ADB054E
:1009D000D207090EC0187F2901DA00207047962936
:1009E00003DC9623591AC84001E096398840002A52
:1009F000F4D040427047410040020122400AD20533
:100A0000090E80187F2901DA00207047962903DC3F
:100A10009622511AC84070479639884070470000A6
:100A200070B5CD0F4A0009030123090B1B051943BB
:100A30000B4BED070024520D9A4201DA002070BDE5
:100A4000074B34339A4203DC9A1A00F07FF802E035
:100A50000449511888402C43F1D0404270BD000039
:100A6000FF030000CDFBFFFF4A0009030123090B30
:100A70001B051943094B10B5520D9A4201DA0020AB
:100A800010BD064B34339A4203DC9A1A00F05EF82C
:100A900010BD03495118884010BD0000FF0300003D
:100AA000CDFBFFFFC20FD207400040080BD0C10DA5
:100AB0000723DB01C91840020905400A1143C20897
:100AC00040071143704700200146704710B50029C8
:100AD00004DB0124E40740428C412146002B04DB67
:100AE0001C460123DB075242A341994200D19042A8
:100AF00010BD0000CB0FDB07490010B549080246C6
:100B00000A4307D00A0D07240903E401090B121B4D
:100B1000002A01DC002010BDC900440F0C43C100B5
:100B2000E018D205801800F0B5F810BD10B5202AE5
:100B300004DB0146203A9140002010BD9140202363
:100B40009C1A0346E3401943904010BD10B5202A7B
:100B500004DB0846203AD040002110BD0B46D340AC
:100B6000D0402024A21A91400843194610BD10B568
:100B7000202A06DBCB170846203A1041C1170B4349
:100B800006E00B461341D0402024A21A91400843AE
:100B9000194610BD3A2800D23038202302469A4325
:100BA000412A01D310463738884201D30020C04380
:100BB00070470000026813785118016018467047AA
:100BC00010B5D160044951610449116200211161DD
:100BD000114600F091F910BDB50B0008E50E0008B4
:100BE0004268002A08D001680B78491C002B03D00A
:100BF000521E06C0184670470121C160881E70470A
:100C00004268002A0BD0C3680168002B07D18368B3
:100C10008B4204D0491E521C06C0002070470020A1
:100C2000C0437047F7B5009C0F4600262578641C2A
:100C3000002D05D000F052F90068405DC007F5D1E5
:100C40002B2D02D02D2D18D0641E39462046029A35
:100C500000F0EEFA002F04D03968A14201D10099CA
:100C600039607105022400290BDA4042002803DDB7
:100C70000EF042FE0460A007FEBD01208002064384
:100C8000E3E70028F8DA0EF037FE04600048FEBD06
:100C9000FFFFFF7F002904DA401C490001D1400812
:100CA0004000704770B40024050C05D110240004E6
:100CB00002D1002921D01124050E01D100020834EF
:100CC000050F01D10001241D850F01D18000A41C56
:100CD000002801DB4000641C002908D020252E1BC1
:100CE0000D46F540A14000D00121294308430106EB
:100CF0001B1B000ADB1D02D5002070BC7047DB0502
:100D0000181880180029F8DA401C4900F5D170BC89
:100D100040084000704710B5002B08DA0024401C42
:100D2000614192185B411A4301D14008400010BD57
:100D3000F0B51FB482B005460C0003D008460EF093
:100D40009FFD02E00EF09CFD2030024600902146FF
:100D50002846FFF7EBFE049B059A04460F4618430E
:100D60001143084314D0184610431BD0009840216B
:100D70000A1A18460599FFF7E9FE05460E46009A3D
:100D800005990498FFF7D2FE084305D0012004E03E
:100D90002046394607B0F0BD0020C11705430E4379
:100DA0002C43374300990E986305401A7905E40AED
:100DB00000220C43FD0A0A3002D500200146E9E773
:100DC0000105101969410C9C0D9D00196941FFF73F
:100DD000A2FFDFE7F8B50546480040080C46284367
:100DE00004D06000184A400D904201DD2846F8BD4D
:100DF00015493539884210DC88420BDB290D200368
:100E000008432903014305D0E00F1049C0074118EA
:100E10000020F8BD00200146F8BD161A4020821BB4
:100E200028462146FFF782FE0746009128462146C4
:100E30003246FFF78BFE3A46009BFFF76CFF3246C7
:100E4000FFF774FEF8BD0000330400000000F03F1F
:100E50004A0009030123090B1B0519430A4B10B56E
:100E6000520D9A4202DA0020014610BD064B34337F
:100E70009A4203DC9A1AFFF769FE10BD034BD218A1
:100E8000FFF754FE10BD0000FF030000CDFBFFFF85
:100E900010B5002904DB0124E40740428C412146BF
:100EA000002B04DB1C460123DB075242A3418B428B
:100EB00000D1824210BD0000064C0125064E05E01F
:100EC000E36807CC2B430C3C98471034B442F7D36B
:100ED000FFF7FAF8E45A0108045B0108004870477C
:100EE0003848010810B50446FFF7F8FF0068005DB8
:100EF000C007C00F10BD0000F3B58DB000200A90F0
:100F000001200B90002608460C300C4609906269BF
:100F1000012109989047051E2ED0252D2DD0216A3C
:100F20008847002818D06269012109989047216AF2
:100F300088470028F7D1411E62690998904700E070
:100F4000761CA1690D988847216A88470028F7D147
:100F5000E1690D988847DAE7A1690D988847074647
:100F6000A84201D1761CD2E7E1690D9888477F1C21
:100F700002D10A98002877D049E1002762693D46EE
:100F80003946099890472A280CD1626901210998AD
:100F90009047012506E00A214F433F18303FEBD42C
:100FA00010200543626901210998904701463039B4
:100FB0000A2903D29B498F42DEDCECE7E90600D424
:100FC000994F6C280AD04C2810D0682824D06A2861
:100FD0002ED074280CD07A280AD00DE06269012145
:100FE000099890476C2823D004211CE02020054359
:100FF0006269012109989047A760656065284FD014
:1010000026DC582839D01ADC452849D012DC25289E
:1010100034D04128B0D143E062690121099890475A
:10102000682802D008210D43E6E70120C002DEE770
:101030000220DCE7462833D047282CD130E05B285B
:1010400070D061282CD063286CD0642823D161E053
:101050006F284FD009DC662822D0672820D0692865
:1010600026D06E2817D12EE0CDE070284DD0732801
:101070006FD075284ED078280DD154E0A1690D9815
:1010800088470546252800D16CE7E1690D98884717
:101090006D1C00D16DE7BAE00A224CE00A2252E052
:1010A000012023466A46C0430D99C046C046A3E0CE
:1010B0002846402108436060A807234601D5002246
:1010C00039E000223FE0E80700D020E72068011D5A
:1010D00021600068290501D5067018E7290701D5A8
:1010E000068014E7A90703D5F117066041600EE7F3
:1010F00006600CE72846402108436060A8072346A5
:1011000001D5082217E008221DE04849284608407A
:10111000606016E02846402108436060A807234627
:10112000BCD5B9E715E02846402108436060A80710
:1011300007D5234610220120C0430D99C046C04662
:101140005AE0234610220120C0430D99FFF7D8F83A
:1011500052E000210C910B460091632802D05B28DD
:1011600007D043E0E80601D40120A06001200090F0
:101170003CE062690121099890475E2805D1012071
:101180000C9001466269099890472169002906D1AF
:101190000B4601AA8F00491CD3510829FADB00280D
:1011A00035D0216900290ED1C117C90E09184A117D
:1011B000930001AA9A1849094901411A01201368AC
:1011C00088400343136062690121099890475D28B4
:1011D000E5D10C98002808D0002001AB81005A58B6
:1011E000401CD2435A500828F8DB01AB01202246AC
:1011F000C0430D99C046C04600280ADA401C06D1FB
:101200000B98002803D00020C0430FB0F0BD0A980F
:10121000FBE7E90702D10A99491C0A913618002018
:101220000B9074E6CCCCCC0CFFFFFF7FF1F7FFFFF7
:10123000F7B582B0029C00272078641C1546019700
:10124000302802D0002D15D015E020780127641C2D
:10125000782804D0582802D0002D09D00BE0002DAA
:1012600001D0102D07D1002710252078641C02E042
:10127000082500E00A250026009610E000990127C5
:1012800069430818020C294680B2714300908E18F9
:101290003804864201D3012001902078641C29463D
:1012A000FFF778FC0028E9DA0398002805D0002F22
:1012B00001D0641E00E0029C04600198002806D062
:1012C0000EF01AFB02210160C81E05B0F0BD0099A6
:1012D00030040843F9E770B58C180578401C6B079B
:1012E0005B0F01D10378401C2A1106D10278401C03
:1012F00003E006780E70401C491C5B1EF9D12B07D9
:1013000005D40023521E0DD40B70491CFAE7037854
:10131000401CCB1A921C03E01D780D70491C5B1C0D
:10132000521EF9D5A142D8D3002070BD30B5054674
:10133000002400F01DF801214800285A491C041916
:10134000C9B20529F8D3A003000C30BD38B5044656
:10135000064805490068FEF7CBFE604300E0401EEA
:1013600000900028FBD138BD40420F007C000020D7
:10137000F0B500220125002105239F1A0BE04C0047
:10138000A446035B26187488A34203D965464453D8
:1013900073800025491C8F42F1DC002D02D1521CC4
:1013A000052AE7DBF0BD0000F8B504460068816857
:1013B0008907890F012902D10168C90722D18168F3
:1013C000114A10261140012500290ED181682943B8
:1013D00081600120FFF7BAFF03F0F0FB07460CE045
:1013E00003F0ECFBC01B0A2807D9A06D3043A065B1
:1013F000E06D2843E0650120F8BD20680068C04327
:10140000C007EDD10020F8BD17000080F0B589B00D
:101410000C46074610220021684611F03DFA694645
:10142000224608460EF0DDFE684600788726010653
:10143000684600290FDA00214318425C5B785200AD
:10144000DB091A434254491C0F29F5DBC17B0246D4
:10145000490071400DE000214318425C5B78520066
:10146000DB091A434254491C0F29F5DBC17B0246B4
:101470004900D173E21DF9325169102912D0017867
:1014800009061BD500214518435C6D785B00ED090A
:101490002B434354491C0F29F5DBC17B034649000C
:1014A000714019E000216218FF3201325378455C27
:1014B000491C6B4053701029F5DB26E000214518CC
:1014C000435C6D785B00ED092B434354491C0F29A5
:1014D000F5DBC17B03464900D973E11D55698023C3
:1014E000FA316B54002500E05D5453695B1C536175
:1014F000102BF9D300216218FF3201325378455C7A
:10150000491C6B4053701029F5DB0021621810460E
:10151000FF32E0300132437C5278491C534043741F
:101520001029F3DB21461022F13104A811F09CF9B7
:101530002246394604A80EF054FE102200216846C7
:1015400011F0AAF909B0F0BD10B50446102200212F
:10155000F13011F0A1F9FF20002115300151F022E6
:10156000204611F099F910BD0B4610B50246102126
:1015700018460EF061FE10BDF0B50446FF308BB08A
:101580000F4601300890E11D4069FA310091103991
:1015900015460791002843D010210E1AAE4200D301
:1015A00016460099B2B24018394611F05DF9089814
:1015B000089940698019486110283AD3B54238D05B
:1015C000002162181046FF32E0300132437C52782D
:1015D000491C534043741029F3DB079922460846FF
:1015E0000EF0FFFDBF19AD1B1AE000202118E031FD
:1015F0004A7C3B5C401C5A404A741028F6DB10229F
:1016000002A8079911F030F902A9224608460EF007
:10161000E8FD102202A9079811F026F9103D1037B5
:10162000102DE2D8AAB23946009811F01DF9089899
:1016300045610BB0F0BD0000F7B523498022097C5D
:10164000214B511ACDB2D97B1B7C8026F31A0A4656
:10165000DEB2871E491C0124C9B2761E3B000EF083
:101660003EF909060C060C120C06062B3000164B30
:10167000AA4224D2154CA05403E0134BB24215DB0E
:101680001DE0D9730DE0104EAD1EAA4217DA0F4BC4
:10169000985401985854491CC8B202991954401CD6
:1016A000F073002408480121817308E0074CA0541E
:1016B00001986054491CE4E7034BAA42F6D3204644
:1016C000FEBD0220FEBD0000D80100201213002044
:1016D00010B50E480C4901600D4941600121C160FF
:1016E000002101618161C1610162F0218160FE21FF
:1016F000416103F091FA002801D002F05BF900216A
:10170000024803F061FA10BD00540040600500205B
:10171000563EA11000B587B014216846FEF798FD2B
:101720000948C26A02210A43C262C06A08400590A1
:101730001020009003200190002002906946034889
:1017400003F06EF907B000BD001002400004005025
:1017500010B586B014216846FEF77AFD0D48C26ABE
:1017600002210A43C262C06A0B4C08400590102057
:101770000090012001900020029003200390694610
:10178000204603F04DF900221021204603F00FFA05
:1017900006B010BD0010024000040050F0B585B046
:1017A00011F0CCFB8448FF260178F5360027750040
:1017B000824C01290CD003290AD0814B02297AD00E
:1017C000052976D00446072974D00929FCD0EBE01E
:1017D0007CA0006801907CA00068029000F09EFD53
:1017E0000DF03EFB039006E003980DF03FFBB04286
:1017F00001D3A77008E0012301AA80217348009556
:1018000003F0F0FA0028EFD1012301AA80216F48EC
:10181000009503F0E7FA002804D10120A0706CA025
:101820000DF024FCA0780028D1D1684803F0BCFC5E
:1018300000F096FD0DF014FB039006E003980DF008
:1018400015FBB04201D3A77008E0022302AA882149
:101850006548009503F0C6FA0028EFD1022302AADA
:1018600088216148009503F0BDFA002804D10220C8
:10187000A0705EA00DF0FAFBA0780028A7D15A480E
:1018800003F092FC06F046F910F0E2F8054606F087
:1018900017F96800000E04D00320A07059A00DF0C5
:1018A000E5FBA07800287FD15DA00DF0DFFB7BE099
:1018B00001E04CE06BE00397002220211F46184610
:1018C00003F075F9FFF704FF12F050F9012603A8A1
:1018D000009033460022C42101960295574803F038
:1018E000B9FB12F043F95649884202D2667055A0FE
:1018F00021E0524803F058FC02F04AFA02F086FA5E
:1019000001210520C902000703F04CF9002806D187
:10191000022060700DF0F4F953A00DF0A7FB02F067
:1019200019FA02F055FA6078002806D110F0DCFAB6
:10193000012808D059A00DF099FB0122202138463A
:1019400003F035F930E0032060705FA0F3E7002278
:1019500020211C46184603F02AF90DF055FF0DF022
:1019600017FF02F0F5FA304602F073FF02F0F0FACA
:101970000DF02CFF0DF0EEFE01222021204603F099
:1019800016F95AA00DF072FB0028FAD10CE05D4860
:10199000007802F023F95C48007802F05FF92078C3
:1019A000092801D1FFF7B6FE5848007802F0D6F8B2
:1019B00002F0B2F905B0F0BD4B0100208400002018
:1019C00000040050E7000000F32D00007804002020
:1019D0000A0D5573652053656E736F72206973200D
:1019E00053544832780D0A00C40400200A0D557380
:1019F000652053656E736F722069732053544833AA
:101A0000780D0A000A0D5573652053656E736F7269
:101A1000206973204248313735300D0A000000003C
:101A20000A0D4E6F20493243206465766963652054
:101A300064657465637465640D0A000060050020C8
:101A40000F2700000A0D5573652053656E736F7282
:101A5000206973204C494441525F4C6974655F763C
:101A60003348500D0A0000000A0D55736520536578
:101A70006E736F7220697320756C747261736F6E10
:101A800069632064697374616E6365206D65617359
:101A90007572656D656E740D0A0000000A0D4E6F5B
:101AA0002064697374616E6365206D65617375721E
:101AB000656D656E74206465766963652064657420
:101AC00065637465640D0A000A0D557365205365DE
:101AD0006E736F722069732054462D736572696549
:101AE000732073656E736F720D0A00000A0D5573D3
:101AF000652053656E736F722069732048583731C3
:101B0000310D0A004D0100204E0100204C01002043
:101B1000F0B58BB00D46044605F072FCF74E012D72
:101B200027D1F7A00DF0A2FA0028FAD1F54F388896
:101B3000FEF73AFF0022F44BFEF782FE02460B4608
:101B4000F2A00DF093FA0028F1D13078F34F062877
:101B50001ED0072823D0092845D0F14F0121890341
:101B6000384603F01FF80146EEA00DF07FFA00287A
:101B7000F4D106F0BBFAE148007803286CD00120CC
:101B800000F06EFFEC4EED4F6060012D45D058E047
:101B9000EBA039680DF06AFA0028F9D1E9E7E04FC7
:101BA00001218903384602F0FDFF0146DDA00DF05A
:101BB0005DFA0028F4D10121C903384602F0F2FF92
:101BC0000146E4A00DF052FA0028F4D105273F07A2
:101BD0001021384602F0E6FF0146E3A00DF046FA78
:101BE0000028F5D1C5E7D6A039680DF03FFA0028E6
:101BF000F9D1E14FE1A039680DF038FA0028F9D1A8
:101C000005273F071021384602F0CCFF0146D6A039
:101C10000DF02CFA0028F5D1ABE7B0420CD8B84251
:101C20000ADC6068FEF73EFF02460B46D8A00DF0C6
:101C30001DFA0028F5D104E0DBA00DF017FA00280A
:101C4000FAD1AE480078012806D0032804D0042831
:101C500062D0092860D093E0D9488178002906D065
:101C6000012908D0022924D0032941D088E0D54891
:101C7000E061206284E0D44803F0AEFA0AF03EFD51
:101C800006460AF0D1FCE6612062012D78D1206A77
:101C9000FEF708FF06460F46E069FEF703FF02461F
:101CA0000B46CAA0019700960DF0E0F90028EED18E
:101CB00066E0CF4803F090FA11F07CFDCD48012D8D
:101CC0000068E061CC480068206259D1206AFEF7C4
:101CD000E9FE06460F46E069FEF7E4FE02460B46C3
:101CE000C6A0019700960DF0C1F90028EED147E09B
:101CF0000121017005F00EFF0FF0AAFEFEF77BFE3A
:101D0000A08405F0DDFE012D3AD1A18CC4A00DF018
:101D1000ADF90028F9D133E0022000F0A1FEA06067
:101D2000012D13D1B0420CD8B8420ADCA068FEF7EE
:101D3000B9FE02460B46BEA00DF098F90028F5D179
:101D400004E0C1A00DF092F90028FAD1032000F0C0
:101D500087FEE060012D13D1B0420CD8B8420ADCF6
:101D6000E068FEF79FFE02460B46BDA00DF07EF92F
:101D70000028F5D104E0C0A00DF078F90028FAD1D0
:101D8000C34F388800281BD000222021644802F06D
:101D90000EFF00260EE0642002F05BFD632130465A
:101DA000FEF7A6F9002903D1002E01D006F09EF916
:101DB000761CB6B264213888FEF79AF9B042EAD8A8
:101DC0004E4802AE017803297ED008297CD009292B
:101DD0003BD0FFF7BDFC0027012005F051FA790048
:101DE00070520A2002F035FD7F1CFFB2062FF3D39C
:101DF000012210214A4802F0DAFE02A8FFF796FA03
:101E00006F4F4049B88009884843A249FEF786F9D8
:101E1000FEF7A4FD2061012D0DD12069FEF742FEE1
:101E20000022394BFEF70CFD02460B469AA00DF03E
:101E30001DF90028F1D131480078022806D0032886
:101E400042D0082840D0052856D0F9E178780128FA
:101E500007D002281AD003283DD09448E08420857A
:101E6000EEE1934803F0B8F906F020FF06F0D6FE45
:101E7000E084012DE9D1E08C0A21FEF739F9014611
:101E80008CA00DF0F3F80028F5D1D9E101F080FF26
:101E900001F0BCFF102003F04BFA0DF005FCE084CC
:101EA000102003F03BFA01F055FF01F091FF012DE6
:101EB000CBD1874EE08CFEF777FD00223346FEF74C
:101EC000BFFC02460B4600E019E182A00DF0CEF8FF
:101ED0000028EFD1B4E1854811F0EAFA8348012DDA
:101EE0000188E18480882085AFD1E08C0A21FEF74B
:101EF000FFF80146228DFBE08FE100004B0100203E
:101F00000D0A0000C200002000408F404261743A78
:101F1000252E336620560D0A00000000D400002054
:101F200000040050504231345F7374617475733A29
:101F300025640D0A0000000000005CC20000FA42A7
:101F4000504231345F636F756E74313A25750D0AF6
:101F500000000000504231355F7374617475733A4C
:101F600025640D0A000000005041345F73746174F1
:101F700075733A25640D0A00D800002050423135AF
:101F80005F636F756E74323A25750D0A00000000AC
:101F9000445331384232305F74656D70313A252ECA
:101FA00031660D0A00000000445331384232305F80
:101FB00074656D70313A6E756C6C0D0A000000002E
:101FC0008400002000CCCC457804002053485432D3
:101FD000785F74656D703A252E31662C5348543203
:101FE000785F68756D3A252E31660D0A0000000095
:101FF000C4040020380000203C0000205348543323
:10200000785F74656D703A252E31662C53485433D1
:10201000785F68756D3A252E31660D0A0000000064
:102020004248313735305F6C756D3A25640D0A00D2
:10203000445331384232305F74656D70323A252E28
:1020400031660D0A00000000445331384232305FDF
:1020500074656D70323A6E756C6C0D0A000000008C
:10206000445331384232305F74656D70333A252EF7
:1020700031660D0A00000000445331384232305FAF
:1020800074656D70333A6E756C6C0D0A000000005B
:102090002C010020FF0F00004144435F5041303AC3
:1020A000252E336620560D0A00000000FFFF0000B9
:1020B000600500206C696461725F6C6974655F64BF
:1020C000697374616E63653A256420636D0D0A005F
:1020D00000002440554C545F64697374616E6365FD
:1020E0003A252E316620636D0D0A0000FC050020A4
:1020F00065A00CF0BBFF002800D0F6E6A0E0FFF7DB
:1021000027FB0027012005F0BBF8790070520A2058
:1021100002F09FFB7F1CFFB2062FF3D302A8FFF74C
:1021200005F9624988806249098848436149FDF799
:10213000F5FFFEF713FC2061322002F08AFB002736
:102140005D4805F09DF87900891988810A2002F020
:1021500080FB7F1CFFB2062FF2D305A8FFF7E6F83D
:102160005249C8805249098848435249FDF7D6FF71
:10217000FEF7F4FB6061322002F06BFB00274F4852
:1021800005F07EF87900891908830A2002F061FBC6
:102190007F1CFFB2062FF2D308A8FFF7C7F8434908
:1021A00008814349098848434249FDF7B7FFFEF7D4
:1021B000D5FBA06101221021414802F0F8FC012D5D
:1021C0003ED1404E2069FEF76DFC00223346FEF7FB
:1021D00037FB02460B463C480CF048FF0028F1D183
:1021E0006069FEF75FFC00223346FEF729FB0246DA
:1021F0000B4636A00CF03AFF0028F1D1A069FEF79B
:1022000051FC00223346FEF71BFB02460B4634A06E
:102210000CF02CFF0028F1D112E00DF0F5FA0DF0D2
:10222000B7FA01F09DFEE0620DF0D0FA0DF092FADF
:10223000012D05D12FA0E16A0CF018FF0028F9D17B
:1022400001F06AFD052002F004FB012105200903CD
:10225000000702F0A7FC207001F040FD012D05D120
:10226000217829A00CF002FF0028F9D101222021B9
:10227000134802F09CFC012D03D1FF20F53002F041
:10228000E8FA0BB0F0BD000054465F6469737461F6
:102290006E63653A256420636D2C54465F737472D7
:1022A000656E6774683A25640D0A0000840000209A
:1022B000C2000020FF0F0000020000041000001008
:1022C0000004005000408F40982000084144435FC4
:1022D0005041313A252E336620560D0A0000000089
:1022E0004144435F5041343A252E336620560D0A4F
:1022F0000000000048583731315F576569676874DE
:102300003A256420670D0A00504131325F737461D1
:102310007475733A25640D0A0000000010B50E486C
:102320000C4901600D4941600121C160002101613A
:102330008161C1610162F0218160FE21416102F091
:102340006BFC002801D001F035FB0021024802F0AF
:102350003BFC10BD0054004078040020563EA11004
:1023600010B50E480C4901600D4941600121C16062
:10237000002101618161C1610162F0218160FE2162
:10238000416102F049FC002801D001F013FB00215B
:10239000024802F019FC10BD00540040C4040020A3
:1023A000563EA1101FB514A003C80191009014A1BE
:1023B00003C90391029011F0C3FA11F097FA0122B8
:1023C0001149124804F0A6FD7D20C00002F041FA38
:1023D0000F4C0522234669460C4804F03DFE32208E
:1023E00002F037FA2346062202A9084804F034FE18
:1023F000322002F02EFA1FBD5A05070066000000C9
:102400005A06030100640000190100200C0A002094
:10241000FFFF000001780448024A4368D1540121BB
:1024200001707047BB0B00203C01002010B5034831
:1024300011F07CFB02490020087010BD1524000833
:102440003C01002010B51248017801290ED100216D
:102450000170104B42689C5C012C08D00D2C09D0F7
:102460000A2C07D07F2A0DD0521C426010BD41605B
:10247000082009E0002AF9D099544160054810F07D
:1024800057FB10BD416006200FF068FD10BD000035
:102490003C010020BB0B00203EB50E4C6946A27AE1
:1024A0000A70A27F8A70C870E06B0CF0DFFC0190AC
:1024B000606C029020462030407869464870A07ECB
:1024C00009F02AFD618D606C4143081A616E401865
:1024D00060663EBDD8010020FFB5044689B00020EB
:1024E00003900890069021891646002915D0019086
:1024F000626904922069002A04D000290FD00A469C
:1025000092B20392002900D00E46E168884215D3AA
:10251000039A61688018081A11E00220E7E7226830
:102520006568135C471CAF4202D3451B6D1C00E07D
:102530003D46525D1202921C9A18E1E70020019973
:10254000751807950C994D43854201D2002102E090
:102550000799FDF7CDFDC8B20199884208D9217FBE
:10256000CA0700D106980690880701D5019800E0B7
:102570000698002E6AD004994919081861688842A3
:1025800064D8002798E0039808186168884200D34F
:10259000401A20612189002911D121680E546168F7
:1025A000401C814200D8401A2268310A11546168E7
:1025B000401C814200D8401A6169891C61616168D0
:1025C0000D1AB54200D33546B5420DD0B54202D200
:1025D000217F002908D0002D6AD0217FCA0730D082
:1025E0002189002913D019E039460A9A71438918C4
:1025F000226810182A46FDF712FE606940196061D2
:1026000007990895002089B2751B039140E0236863
:10261000FF22811E5A542168401E0A5460694019E5
:102620006061002008902189354600292AD1206860
:1026300005702168280A487061690220891C61615F
:1026400020E089071ED52189002902D000200DB085
:10265000F0BD2168821E8D542268290A431ED15480
:1026600039460A9A71438918226810182A46FDF7DC
:10267000D6FD6069401960610895A069751B401C12
:10268000A061D4E70199691889B203910021216101
:10269000002D0DD0089A0A993B4689182268734389
:1026A000101859182A46FDF7BAFD60694019606193
:1026B000A069401C7F1CA0610C982169874200D250
:1026C00061E7019808186168884200D3401A2168C0
:1026D0004018BCE710B5029C01600021C160016197
:1026E00041614260816103810477A00703D5002B1B
:1026F00001D0481E10BD002010BD0000F0B50389B8
:102700000022002B09D0002300240C804469002CF7
:1027100058D00289002A02D00DE00223F4E7C268F3
:1027200004684668A55C571CB74200D3921B521C34
:10273000A25C1202AA1894B20C80027FD50729D09D
:10274000920727D4204A944202D10289002A0AD053
:10275000C468026994421DD90289002A1AD04568CA
:102760002C1B944216D24468C2684569A21AAA1A60
:1027700042610022C2600289002A0AD10268012C4B
:10278000157802D86442641C00E00124125D120234
:10279000AA180A80C5684468EA18A24200D3121B2E
:1027A00006680F8892194669FF18F61B466106D025
:1027B00009886918C918A14200D3091BC160816941
:1027C000491E81611046F0BDFFFF0000F0B503898E
:1027D0000022002B0AD0002700230B804369002B26
:1027E00042D00389C268002B02D00DE00227F3E734
:1027F00005684468531CAE5CA342134600D31B1B00
:102800005B1CEB5C1B02F3189CB20C80037FDD07A2
:1028100023D09B0721D4154B9C4202D10389002B66
:102820000AD0C46803699C4217D90389002B14D0CD
:1028300045682C1B9C4210D200221B041B0C0BD1A0
:1028400043680468012B02D85B425B1C00E0012353
:10285000E35C24781B021B190B80D119426891425A
:1028600000D3891A00680A181046F0BDFFFF000067
:10287000F1B584B0002001906946029008702F4F96
:1028800004997C78002957D001256608E00704D018
:102890000FF0FEFB002807D008E00FF0F9FB00283E
:1028A00021D1002C02D01EE0012C1CD02448710044
:1028B000405A010A6A46002001AB10702E4686403D
:1028C0000E4204D0167898551678761C1670401C67
:1028D000C0B20828F2D31078002819D00FF0D8FB26
:1028E000002804D007E016487100415CE2E7002CA4
:1028F0001BD0012C1BD02646684601780020491EBB
:1029000010F058FB01A9085CF10040180499087008
:10291000641CE4B2072C00D9002468460078002823
:1029200007D07C70002005B0F0BD0126E4E700264A
:10293000E2E778788442A8D10320F4E7C4010020BC
:10294000D0100020FFB5002085B000900546064657
:102950000190002477000698C15B0120A04001424D
:102960002AD028190C2103904843079909580029B7
:1029700022D0079941180820029108560211000739
:102980000117059840B209F0E2FC002814D0029823
:10299000407A010108980818C068002804D00198FE
:1029A000401CC0B2019007E0009A0E990398885429
:1029B0000098401CC0B20090641CE4B2102CCAD332
:1029C0001035761CEDB2F6B2482DC2D30F9901989E
:1029D0000870009809B0F0BD30B587B01421684682
:1029E000FDF736FC032001900020029003204003F5
:1029F000104C0090E06A01210843E062E06A084060
:102A0000059005206946000702F00AF8E06A4008D0
:102A10004000E062606B0125AD052843606301F072
:102A2000C9FC01F0D7FC01F0CDFC606BA8436063EA
:102A300007B030BD0010024010B511F019F810BDFC
:102A400010B5046863608368102B036803D0996035
:102A50000068C26010BD9A600068C16010BD0000CF
:102A6000F1B5002688B035460596089800F070F854
:102A700000280BD0761CF6B26D1CEDB2032D01D2EE
:102A8000032EF2D3089800F071F851E0089800F096
:102A900033FA4420089900F03BFA274801F0D9FEA8
:102AA000089800F029FABE20089900F031FA0024B5
:102AB0006F46089800F0D6F93855641CE4B2092C2A
:102AC000F7D3082168460FF0BAFA6946097A8842B6
:102AD000D2D1684601784078000200B2084308D598
:102AE000C043401CFDF74CFF0022144BFDF740FE95
:102AF00005E0FDF745FF0322D243FDF719FFFDF77F
:102B0000F9FF04460E48844209D10598401CC0B222
:102B100005900228B0D1089800F028F809E008983C
:102B200000F024F80748844202D80748844200DDB8
:102B3000064C09B02046F0BD020300000000B0BF03
:102B40000000AA4200005CC20000FA4233CB4C45B0
:102B500010B50446012803D0022C01D0032C01D16A
:102B600000F090F9204600F0ADF810BD30B500221D
:102B70001949032387B0012813D005240125240710
:102B800002281FD003281BD1C86A2843C862C86A1C
:102B9000284005900815009069460193029220464E
:102BA0000CE0CC6A02200443CC62C96A0193014064
:102BB00005910820009002926946084801F030FF14
:102BC00007B030BDC86A2843C862C86AC007C00FD2
:102BD000059001204002DEE7001002400004005092
:102BE00010B50022194986B0012813D0052301240D
:102BF0001B0702281FD003281BD1C86A2043C862C4
:102C0000C86A20400590081500900192694602921A
:102C100018460CE0CB6A02200343CB62C96A0192DA
:102C2000014005910820009002926946084801F091
:102C3000F7FE06B010BDC86A2043C862C86AC00764
:102C4000C00F059001204002DEE7000000100240A6
:102C50000004005010B501221849022386B0012853
:102C600012D00524240702281ED003281AD1C86ACE
:102C70001043C862C86A1040059008150090694664
:102C80000393019220460BE0C86A1843C862C86AE1
:102C90006946184005900820009003930192084867
:102CA00001F0BEFE06B010BDC86A1043C862C86A13
:102CB000C007C00F059001204002DFE7001002406E
:102CC0000004005070B50024012806D005252D070A
:102CD00002282AD003284ED074E00120FFF780FF9D
:102CE000394D04E0641CE4B2012000F0ABF9082186
:102CF000284601F057FF002802D0C82CF2D35FE02D
:102D0000C82C5DD2002404E0641CE4B2012000F071
:102D100099F90821284601F045FF002802D1F02C3E
:102D2000F2D34DE0F02C4BD24CE00220FFF758FFDD
:102D30000126760204E0641CE4B2012000F082F96E
:102D40003146284601F02EFF002802D0C82CF2D3CD
:102D500036E0C82C34D2002404E0641CE4B2012024
:102D600000F070F93146284601F01CFF0028D9D147
:102D7000F02CF2D324E00320FFF732FF0126B60245
:102D800004E0641CE4B2012000F05CF931462846FE
:102D900001F008FF002802D0C82CF2D310E0C82CA4
:102DA0000ED2002404E0641CE4B2012000F04AF9D1
:102DB0003146284601F0F6FE0028B3D1F02CF2D3BC
:102DC000012070BD002070BD0004005070B50128C6
:102DD00006D005242407022813D003282BD025E091
:102DE0000120FFF737FF1E4C00220821204601F08A
:102DF000DEFE0A2000F026F90120FFF7F1FE08218F
:102E00000EE00220FFF726FF01256D020022294671
:102E1000204601F0CCFE0A2000F014F9022018E050
:102E2000204601F0BFFE012817D000222D2000F01F
:102E300009F9104670BD0320FFF70CFF0125AD0214
:102E400000222946204601F0B2FE0A2000F0FAF8DE
:102E50000320FFF7C5FE2946E2E70122E6E700006E
:102E60000004005070B5002506462C463046FFF79A
:102E7000ADFFA0402843641CE4B2C5B2082CF5D3D2
:102E8000284670BD70B51A4D012814D005242407BA
:102E9000022825D0032822D1FFF7DCFE00220126DC
:102EA000B6023146204601F082FE284600F0CAF8FC
:102EB000012231460DE00120FFF7CCFE0D4C00222F
:102EC0000821204601F073FE284600F0BBF80122DD
:102ED0000821204601F06BFE0F2000F0B3F870BD12
:102EE0000220FFF7B7FE002201267602D9E7000094
:102EF000EE0200000004005010B50446FFF7C2FFC8
:102F00002046FFF7DFFE2146CC2000F001F810BD7F
:102F1000F8B5044601291FD005252D07022949D0FF
:102F2000032946D10320FFF795FE00260127BF02A3
:102F3000E007C00F640800286BD0002239462846FD
:102F400001F035FE082000F07DF8012239462846C0
:102F500001F02DFE3A206AE00120FFF77BFE384E9B
:102F60000025E007C00F640800280ED000220821C9
:102F7000304601F01CFE082000F064F80122082110
:102F8000304601F014FE3A200DE0002208213046C0
:102F900001F00DFE462000F055F8012208213046D0
:102FA00001F005FE022000F04DF86D1CEDB2082D79
:102FB000D7D3F8BD0220FFF74DFE002601277F0280
:102FC000E007C00F640800280ED0002239462846CA
:102FD00001F0EDFD082000F035F8012239462846C1
:102FE00001F0E5FD3A200DE000223946284601F0C7
:102FF000DEFD462000F026F801223946284601F081
:10300000D6FD022000F01EF8761CF6B2082ED7D3AB
:10301000F8BD00223946284601F0C9FD462000F0DF
:1030200011F801223946284601F0C1FD022000F0C6
:1030300009F8761CF6B2082E00D279E7F8BD000038
:103040000004005006E00021491CC9B20429FBD34A
:10305000401E80B20028F6D1704710B504F076FA11
:1030600010BD000070B504460420A0700FF010F8E9
:10307000E07010480688642E11D964213046FDF7AF
:1030800037F805020A213046FDF732F80E460A21CC
:10309000FDF72EF8080105433543A8B207E00A21E1
:1030A0003046FDF725F800020901084380B2208070
:1030B00070BD000050010020F0B5ABB09F4D002462
:1030C00019AE284600F0F8FCA100641C2D1D7050BC
:1030D000112CF6DB00249A4D00940194A91C0820C1
:1030E0001A9B199A0FF071FF1B98E8601F991E98A0
:1030F000019100902946183110201D9B1C9A0FF059
:1031000064FF2399229801910090294628311020CC
:10311000219B209A0FF059FF279901912698009042
:10312000294638311020259B249A0FF04EFF009439
:103130000194294610310820299B289A0FF045FF59
:103140007E4F5C370026384600F0B6FCB20005A979
:10315000761C3F1D8850142EF5DB0220694608724C
:103160000598000E01D0012100E00021684601739E
:1031700002A806F0DDF816216846017205980114D0
:103180006846017302A806F0D3F805986C4E001249
:103190004036307505980127C0B201287ED06C708A
:1031A0006878012800D0002006F0BAFB07206946A5
:1031B00008720698000E00D00120087302A806F0DD
:1031C000B7F806980002000E012868D02C706946F6
:1031D0000C720698000A087302A806F0A9F806986F
:1031E000C0B201287ED034730A246846047207985E
:1031F000039002A806F09CF86846047208990174CE
:1032000002A806F095F8102168460172099803900B
:1032100002A806F08DF81121684601720A98039001
:1032200002A806F085F81221684601720B980390F7
:1032300002A806F07DF81321684601720C980390ED
:1032400002A806F075F80321684601720D980390F4
:1032500002A806F06DF83B490E9808600F98000E22
:1032600000D00120364C3849283C60700F98374A0E
:10327000000C20700F98000A08700F98F07220461A
:103280002030109901601199090C11801199304A70
:10329000090A117011990171129801E048E049E0A2
:1032A0002C49000E087012982B49000C08701298D7
:1032B0002A49000A08702A49129808701398294967
:1032C000000EE0711398000C2072139808800A21F8
:1032D0001498FCF70DFFFDF74CFB23490860159887
:1032E000000C00E028E00006000E00D00120A070D5
:1032F00015981E49000AA072159860721698000C65
:1033000008701B491698088017981A49000E087013
:1033100017981949000C087017981849000A087086
:103320001749179808701749189808802BB0F0BDF6
:103330006F7035E72F704AE7377355E704000808C8
:103340006C010020C40000202A010020BC000020E5
:10335000B1000020260100202701002028010020C4
:10336000290100202C0100205C000020B200002078
:10337000BE000020B6000020B5000020B8000020EC
:10338000B7000020C0000020FEB50220694608708A
:10339000684605F051FF002802D0A9A00BF066FE98
:1033A00068460079162104066846017005F044FF5E
:1033B000002802D0A2A00BF059FE68460421415615
:1033C000A54E142009043056214335460002403DE5
:1033D000084369782C460143283C20799F4A8300A2
:1033E000D150401C207107216846017005F024FF70
:1033F000002802D092A00BF039FE684600792978A7
:1034000000060D04054300276846077005F014FF09
:10341000002802D08AA00BF029FE68460079317B93
:1034200000022843014320798C4D8200A950401CA2
:1034300020710A216846017005F0FEFE002802D0C6
:103440007FA00BF013FE207901998200A950401C47
:103450002071A079012805D00B216846017005F084
:10346000EBFE0BE0A7710A2069460870684605F07C
:10347000E3FE002802D072A00BF0F8FD6846017A46
:1034800020798200A950401C2071102069460870E4
:10349000684605F0D1FE002802D069A00BF0E6FDD9
:1034A000207901998200A950401C207111206946A1
:1034B0000870684605F0C0FE002802D060A00BF03E
:1034C000D5FD207901998200A950401C207112205D
:1034D00069460870684605F0AFFE002802D058A083
:1034E0000BF0C4FD207901998200A950401C207185
:1034F000132069460870684605F09EFE002802D039
:103500004FA00BF0B3FD207901998200A950401C17
:103510002071032069460870684605F08DFE00287A
:1035200002D047A00BF0A2FD207901998200A9509A
:10353000401CC0B24A4982000968A9506278F17AF9
:103540001206484B114322781B7812041B02401CC0
:103550001A43C0B211438200A950401CC0B23E4978
:10356000830048390A68EA503F4A404B12881B786A
:1035700012041B020979401C1A43C0B20A4381009D
:103580006A503B493B4A09781278090612041143F4
:10359000394A401C1278C0B212021143374A1278DD
:1035A00011438200A950E179227A090612041143DD
:1035B000334A401C1288C0B211438200A950401CFB
:1035C000C6B231482F490068FCF7A5FFFDF713FA92
:1035D000B1006850A178A27A090412021143627AFC
:1035E000761CF0B211438200A9502849284A097874
:1035F0001288401C0904C0B211438200A950254919
:10360000254A09781278090612041143234A401CFE
:103610001278C0B212021143214A1278114382007B
:10362000A950401CC0B21F4982000988A950401C03
:10363000C2B2227109491C4800F0C4F82771FEBDCE
:103640004C4F52414D414320535441545553204512
:1036500052524F520A0D0000AC0100203C0C0020D9
:10366000C40000202A010020BC000020B10000207E
:103670002601002027010020280100202901002028
:103680002C010020000020415C000020B20000203E
:10369000BE000020B6000020B5000020B8000020C9
:1036A000B7000020C00000206000080810B5164CCC
:1036B0000022A11C08200FF073FE00210120E26807
:1036C0000FF06EFE21460022183110200FF068FE28
:1036D00021460022283110200FF062FE21460022F0
:1036E000383110200FF05CFE2146002210310820F6
:1036F0000FF056FE283C62790449054800F062F854
:103700000020607110BD00006C010020BC0C002086
:103710000400080870B50D4DEFF3108472B601F087
:10372000E5F80A4E7836284601F098F8002804D0CB
:1037300084F3108806A00BF099FC2D1DB542F2D33E
:1037400001F0A0F884F3108870BD00006000080844
:103750006572726F7220696E20454550524F4D2040
:103760004572617365206F7065726174696F6E0A6E
:103770000D00000070B50546EFF3108472B601F03D
:10378000B5F8284601F06AF8002804D084F31088C0
:1037900003A00BF06BFC01F075F884F3108870BD8A
:1037A0006572726F7220696E20454550524F4D20F0
:1037B0004572617365206F7065726174696F6E0A1E
:1037C0000D000000F7B5174600260546EFF31084FC
:1037D00072B601F08BF810E00198B100425829460A
:1037E000022001F059F8002805D084F3108806A0C3
:1037F0000BF03CFC03E02D1D761CBE42ECDB01F01F
:1038000041F884F31088FEBD6572726F7220696E94
:1038100020454550524F4D2057726974652065729E
:10382000726F720D0000000010B5012001F0ECF87D
:10383000022001F0E9F810BD10B5042001F0E4F811
:10384000082001F0E1F810BDF8B54B4C60694B4F12
:10385000C00601264A4D002818DA4A480078002898
:1038600010D0387800280DD02878072801D00928F2
:1038700008D14548102106600520000701F092F9A3
:10388000424908701020606101F0BAF8202001F070
:10389000BBF8402001F0B8F8802001F0B5F8FF2017
:1038A000013001F0B1F80120400201F0ADF8012033
:1038B000800201F0A9F80120C00201F0A5F8012062
:1038C000000301F0A1F80120400301F09DF86069B8
:1038D000400421D52E480178002918D038780028D6
:1038E00015D028782B4A062801D0092807D10229AB
:1038F00023D0032921D0062809D0092807D0012187
:1039000089032548166001F04DF92449087001200B
:103910008003606101F074F8606900042AD52048D2
:103920000078002821D0397800291ED02A781D4936
:10393000072A08D0092A0FD017E01B481660016833
:10394000491C0160E3E70E600121C903124801F040
:1039500029F91649087008E0022801D0032804D18B
:1039600013480E600168491C01600120C0036061BA
:1039700001F046F8F8BD000000040140A10000205D
:103980004B0100204E010020D000002097000020B5
:103990004C010020C80000200004005095000020C9
:1039A0004D010020CC000020D40000209600002013
:1039B000D8000020FEE7000010B5214A00219069E0
:1039C000C305204804D5416902231943416191157B
:1039D00093699B0505D54369012423434361630231
:1039E000194393695B0505D5436908242343436163
:1039F000E301194393691B0505D543690424234357
:103A000043616302194393699B0405D543691024FC
:103A1000234343616302194393699B0304D54469BB
:103A200020231C43446119439369DB0305D5436993
:103A3000402423434361A0020143916110BD000073
:103A400000200240E405002070B5054601F0B6F8FC
:103A50000646184C0AE0681C08D0002D04D001F07E
:103A6000ADF8801BA84201D9032070BDA069C00732
:103A7000F1D1A069800701D50220A061A069C0052D
:103A800011D4A06980050ED4A06940050BD4A069AB
:103A9000000508D4A069800405D4A069800302D47D
:103AA000A069C00303D5FFF787FF012070BD002088
:103AB00070BD00000020024001680248416040687B
:103AC000704700000000002070B594B0214D002424
:103AD00002AE2846FFF7F0FFA100641C2D1D7050B8
:103AE000112CF6DB00241C4D00940194A91C082025
:103AF000039B029A0FF069FA0498E8600899079806
:103B000001910090294618311020069B059A0FF06C
:103B10005CFA0B980C9901910090294628311020ED
:103B20000A9B099A0FF051FA10990F980191009091
:103B30002946383110200E9B0D9A0FF046FA29467F
:103B40000094019410310820129B119A0FF03DFA55
:103B500014B070BD009101086C01002010B586B052
:103B6000044614216846FCF773FB1748C26A022119
:103B70000A43C262C06A08400590480300900021D1
:103B80001248002C06D0012C0BD0022C0BD0032C99
:103B90000BD00DE001910291694600F041FF06B0A3
:103BA00010BD0B4A02E00B4A00E00B4A0192029161
:103BB000694600F035FF00220221072001F0C2FB18
:103BC000072001F0B5FBEAE70010024000040050B6
:103BD00000003110000021100000111010B586B057
:103BE000044614216846FCF733FB1748C26A0221D9
:103BF0000A43C262C06A0840059088030090002111
:103C00001248002C06D0012C0BD0022C0BD0032C18
:103C10000BD00DE001910291694600F001FF06B062
:103C200010BD0B4A02E00B4A00E00B4A01920291E0
:103C3000694600F0F5FE00220221072001F082FB18
:103C4000072001F075FBEAE7001002400004005075
:103C500000003110000021100000111010B586B0D6
:103C6000044614216846FCF7F3FA1848C16A012299
:103C70001143C162C06A00211040059010200090DD
:103C800005200007002C06D0012C0BD0022C0BD0F5
:103C9000032C0BD00DE001910291694600F0C0FEAB
:103CA00006B010BD0A4A02E00A4A00E00A4A019240
:103CB0000291694600F0B4FE00220221072001F0C3
:103CC00041FB072001F034FBEAE70000001002404E
:103CD00000003110000021100000111000B587B065
:103CE00014216846FCF7B4FA0A48C16A012211435C
:103CF000C162C06A11031040009105900320019039
:103D00000020029005206A46000703F01FFB07B061
:103D100000BD00000010024000B587B014216846C5
:103D2000FCF796FA0A48C16A01221143C162C06ACF
:103D30001103104000910590002001900220029094
:103D400005206A46000703F001FB07B000BD000034
:103D50000010024000B587B014216846FCF778FADD
:103D60000A48C26A02210A43C262C06A084005903A
:103D700088020090032001900020029005206946EF
:103D8000000700F04DFE07B000BD0000001002402B
:103D900000B587B014216846FCF75AFA0B48C26A8E
:103DA00002210A43C262C06A6A4608408902009141
:103DB000059000200190012002900320039005202F
:103DC000000703F0C3FA07B000BD00000010024076
:103DD00000B587B014216846FCF73AFA0948C16A71
:103DE00001221143C162C06A694610400590100368
:103DF00000900320019000200290034800F010FE84
:103E000007B000BD001002400004005000B587B0AC
:103E100014216846FCF71CFA0A48C16A01221143C2
:103E2000C162C06A11031040009105900020029009
:103E30000320019203906A46034803F087FA07B013
:103E400000BD000000100240000400500649800040
:103E500009580648091803D0C14203D00020704712
:103E6000012070470220704700440108702FFCFFBA
:103E700010B5094A0021CB00D458844207D89B18BA
:103E80009B68834203D9C8008018007910BD491C83
:103E9000C9B21529EFD3FEE7B83C010830B593B09D
:103EA00038216846FCF7D4F901250024059508203F
:103EB0000A940090684601F049FD002801D0FFF700
:103EC00079FD1B491B4812C004601B498460416096
:103ED000083802F033FD002801D0FFF76BFD1421F4
:103EE000144802F016FC0C2010900E9400220EA92B
:103EF0000F9511940F4802F07BFC002801D0FFF7CA
:103F000059FD00210B4802F047FD002801D0FFF7C2
:103F100051FD0A4CA0680228FCD10021054802F09E
:103F20005FFD044802F0F4FC606813B030BD00008F
:103F3000000801409C020020FFFF00000800002054
:103F4000884201D1C8B201E0401EC0B240B2704701
:103F500010B503F073FD0149486010BD5400002006
:103F600070B5002503F06AFD074C20606168884247
:103F700008D0401AFCF7F2FCA168FCF709FBFCF73B
:103F800021FD0546284670BD54000020F8B50546C1
:103F900004464035287D0026012808D001202875D8
:103FA000206881688907890F01290ED101E002206C
:103FB000F8BD0168C90708D0A06D20210843A0659D
:103FC0000126002028753046F8BDA16DFF22013280
:103FD000914302221143A165C1688907890F0091AD
:103FE000C16889088900C16020688168920711430F
:103FF000816000F0E3FD07460EE000F0DFFDC01B2E
:104000000A2809D9A06D0221884310210843A06520
:10401000002028750120F8BD206880680028ECDBAE
:104020002068C168009A1143C160A06D80088000BB
:10403000401CA065C5E70000F8B506460D464036B1
:10404000317D01290DD00121317501688A6852073F
:1040500009D5816D20221143816500203075012032
:10406000F8BD0220F8BD174B6A68D80547109A4280
:10407000154C8A6A2B6812D05B035B0B1A438A6269
:104080002968490305D5A1680143A1600A20FDF70D
:104090005DF92868800312D5A06838430EE05B0301
:1040A0005B0B9A438A622968490302D5A168814360
:1040B000A1602868800302D5A068B843A0600020F2
:1040C0003075F8BD01100000002701400068006C49
:1040D0007047000070B5040006D0A06D264600258C
:1040E0004036002802D006E0012070BDE565357538
:1040F000204600F0D1F8A06DC00603D4216888687E
:10410000400705D5A06D10210843A0653575EBE784
:10411000A06DFF220132904302221043A0658868FF
:104120008207920F5A48012A02D10A68D2072BD17E
:10413000032362689B079A4205D05B429A4202D0F1
:104140005B009A4209D10A69920092080A612168CB
:104150000A6963681A430A610CE00A6992009208CE
:104160000A6181680F2292049143816081686268CC
:10417000114381602168CA6818239A43CA60216884
:10418000CA68A3681A43CA60816801225206914333
:1041900081608168228F52061143816020688168A6
:1041A000C90004D48168012212071143816020688C
:1041B000C168384A1140C1602169E068022923D0F2
:1041C00000210843216A226B49035200114308432E
:1041D000616B0843A16989030843E169C903084386
:1041E0002168CA681043C860A06A0146FF39C23915
:1041F00005D0E16A08432168CA681043C860606A54
:104200000121012802D00BE00421DAE7206A00280E
:1042100023D0A06D20221043A065E06D0843E06527
:10422000206C012820681FD00169C90703D00169EB
:1042300049084900016120684169C908C900416114
:1042400020684169E26B11434161E565A06D80081A
:104250008000401CA065002070BD2068C26801235A
:104260001B041A43C260DBE70269FF239B009A43E9
:10427000026120680269636CE66C1A43A36C3343E5
:104280001A430261206802690A430261D3E7000011
:10429000002701401902FEFF7047F8B50446406947
:1042A000254640350E4608280BD02068C068C00758
:1042B00009D0A06D20210843A065002028750120A9
:1042C000F8BD082700E00C2700F078FC009011E012
:1042D000701C0FD0002E05D000F070FC0099401A21
:1042E000B04207D9A06D04210843A06500202875BD
:1042F0000320F8BD206800683842E9D0A06D012194
:1043000049020843A0652068C16809058A0F0C218D
:10431000002A1AD1226A002A17D10268120714D57E
:10432000826853070122002B08DB43688B434360FC
:10433000A06D130298431043A06506E0A06D2023F2
:104340001843A065E06D1043E065A069002801D125
:10435000206801600020F8BD70B504462168002087
:104360008968490721D425464035297D01291CD07B
:1043700001212975E169012904D02046FDF714F8CF
:10438000002811D1A16D0A4A1140FF2201321143C8
:10439000A1650021E165297522681C211160216851
:1043A0008A6804231A438A6070BD022070BD000031
:1043B000FEF1FFFF0248416849084900416070472B
:1043C000005801400248416804229143416070470F
:1043D0000058014002484168022291434160704701
:1043E0000058014070B5002402462032517902295C
:1043F00003D00421C16301243CE001680B680E2551
:10440000AB430B6001680B685B085B000B601A4BE9
:104410000168994201D1012121E0174B14339942DF
:1044200001D110211BE0144B2833994201D1891589
:1044300015E0114B3C33994201D189140FE00E4B2A
:104440005033994202D10121090408E00A4B643338
:10445000994202D10121090501E001210906064B1B
:10446000083B59600121517100211171816B0029B4
:1044700000D08847204670BD08000240F8B50446C9
:104480009D4801689C4A9C4E9B4F0832206813044B
:104490001C363037904201D108221EE0B04201D1D3
:1044A00080221AE0B84202D10122D20215E0924ADB
:1044B0004432904202D10122D2030EE08E4A583299
:1044C000904201D11A4608E08B4A6C32904202D1E8
:1044D0000122D20501E00122D206254611402035F5
:1044E00000293BD00168090738D5016808229143AB
:1044F0000160814920680831884201D108201EE00E
:10450000B04201D180201AE0B84202D10120C0029D
:1045100015E079494431884202D10120C0030EE000
:1045200075495831884201D1184608E072496C310A
:10453000884202D10120C00501E00120C0066E4979
:104540004860E06B01210843E063042068710020AB
:104550002871616B002901D02046884766480168B0
:10456000654A206808321315904201D104221EE0EA
:10457000B04201D140221AE0B84201D11A4616E0F9
:104580005D4A4432904202D1012292030FE05A4A1E
:104590005832904202D10122920408E0564A6C320D
:1045A000904202D10122920501E0012292061142BD
:1045B00038D00168490735D50168890603D40268F7
:1045C00004218A4302604C4920680831884201D1A5
:1045D00004201EE0B04201D140201AE0B84201D1CF
:1045E000184616E044494431884202D10120800334
:1045F0000FE041495831884202D10120800408E08F
:104600003D496C31884202D10120800501E0012042
:1046100080063949486005206871216B002901D066
:104620002046884734480168334A206808325315C9
:10463000904201D102221EE0B04201D120221AE0B4
:10464000B84201D11A4616E02B4A4432904202D1B8
:10465000012252030FE0284A5832904202D101222F
:10466000520408E0244A6C32904202D101225205E1
:1046700001E00122520611423CD00168890739D578
:104680000168890603D401680222914301601A4936
:1046900020680831884201D102201EE0B04201D1D9
:1046A00020201AE0B84201D1184616E012494431E0
:1046B000884202D1012040030FE00F49583188425F
:1046C00002D10120400408E00B496C31884202D13C
:1046D0000120400501E00120400607494860E06BE9
:1046E000E0630120687100202871E16A002901D08F
:1046F00020468847F8BD00000000024070B5002841
:1047000005D0034620335979002902D003E0012067
:1047100070BD00211971022159710468226837495E
:10472000C5680A40816846692943056935432943BC
:1047300085692943C5692943056A294311432160D5
:104740002F492F4C02687831A24206D18A6A120999
:1047500012018A628A6A406849E0294C1434A242F4
:1047600007D18A6AF024A2438A628A6A40680001FB
:104770003DE0234C2834A24208D18A6A0F24240247
:10478000A2438A628A6A4068000230E01C4C3C34D2
:10479000A24208D18A6A0F242403A2438A628A6A49
:1047A0004068000323E0164C5034A24208D18A6AC4
:1047B0000F242404A2438A628A6A8088000416E0D7
:1047C0000F4C6434A24208D18A6A0F242405A24304
:1047D0008A628A6A8088000509E08A4209D18A6A69
:1047E0000F242406A2438A628A6A007900060243E3
:1047F0008A6201205871002070BD00000FC0FFFFC9
:1048000008000240F8B5044620300579012D1ED07D
:10481000012505710226467120680768AF430760CD
:104820002046FEF70DF920680168314301602068D9
:1048300001680422114301602068016808221143C5
:10484000016020680168294301600020F8BD022052
:10485000F8BD01B50098FEF700FC08BD70B5074D26
:1048600004462846FFF7F0F8002805D104494861BE
:1048700020602846FFF7E8F870BD000050C3000034
:10488000E4050020034841680122114341600020F3
:104890007047000000200240F8B5124D0746287C02
:1048A00014460E46012807D0012028740E48FFF751
:1048B000CBF8002802D00CE00220F8BD002169618D
:1048C000022F09D0012F09D0002F09D00648FFF789
:1048D000BBF800212974F8BD3460FAE73480F8E7AA
:1048E0003470F6E7E405002050C300000548416835
:1048F000C90705D00449C1600449C1600020704760
:104900000120704700200240EFCDAB89050403026F
:10491000F0B5002362E001249C4022460A405CD0AE
:1049200006685F000325BD402E43AC460660DD08E7
:10493000AD002D182E6AAE465D07EF0E0F25BD4067
:10494000AE4375462E6286686546AE43866045680E
:10495000A5434560C4686546AC43C4609D08214CCE
:10496000AD002D19AF689C07260F0F24B440A44654
:104970003C4005273F07B84201D1002719E01A4FF4
:10498000B84201D1012714E0184FB84201D10227E3
:104990000FE0174FB84201D103270AE0154FB84284
:1049A00001D1042705E0144FB84201D1052700E0EA
:1049B0000627B740A74210D1AE686446A643AE6052
:1049C0000E4C256895432560656895436560A5682C
:1049D0009543A560E5689543E5605B1C0A46DA40AF
:1049E00099D1F0BD000001400004005000080050C3
:1049F000000C005000100050001C0050000401404A
:104A000010B502F0CDFC10BD10B504494A69024250
:104A100002D04861FFF7F4FF10BD00000004014020
:104A2000F8B500230124A7E027469F403A4070D004
:104A30004D68022D01D0122D14D1DD08AD002D18C6
:104A400000952D6A5E07AC46F50E0F26AE46AE40C9
:104A50006546B543AC460E697546AE4065462E4385
:104A6000009D2E624D68012D05D0022D03D0112D21
:104A700001D0122D16D185680326AC465D00AE46E6
:104A8000AE406546B543AC46CE687546AE40654619
:104A90002E43866046680D79BE43ED06ED0F9D40BE
:104AA0003543456006685F000325BD40AE46AE4312
:104AB0000D79B446AE07B60FBE4065462E4306607C
:104AC000C6687546AE438D68BD403543C5604D68C8
:104AD000ED0050D52B4D6E6B26436E639E082A4D1C
:104AE000B6007519AC46AD689E07360F0F27B74064
:104AF000BD4305273F07B84201D100271AE0234FE5
:104B0000B84201D1012715E0214FB84202D1022756
:104B100010E030E01F4FB84201D103270AE01E4FDA
:104B2000B84201D1042705E01C4FB84201D1052746
:104B300000E00627B7402F436546AF60184D2E684A
:104B40004F689643FF0300D516432E606E684F688A
:104B50009643BF0300D516436E60AE684F68964318
:104B6000FF0200D51643AE60EE684F689643BF0261
:104B700000D51643EE605B1C0A681546DD4000D088
:104B800052E7F8BD00100240000001400004005050
:104B900000080050000C005000100050001C005095
:104BA000000401400069084000D001207047002A3D
:104BB00001D0816170478162704700000148006840
:104BC000704700008000002070B5024640325378E4
:104BD000202B1CD11378012B19D00123137024240E
:104BE0005470046825689D432560046825681E0389
:104BF000B5432560046825680D4325600068016899
:104C000019430160202050700020107070BD0220F8
:104C100070BD406C7047000070B5040006D025469A
:104C2000403568780026002802D005E0012070BDDC
:104C30002E70204600F0D0FA2420687020680168A9
:104C40004908490001600F2160680906884321680E
:104C5000086121688A680120C00382438A60E16894
:104C60000129A16808D02122920211432268916093
:104C7000E168022902D005E00143F7E7012122683B
:104C8000C902516021684A680F4B1A434A60216883
:104C9000CA688243CA60616920690843A169090240
:104CA00008432168C860216AE069084321680860F8
:104CB0002068016801221143016066642020687049
:104CC0002663AE70002070BD00800002FFB505466F
:104CD00004464035687881B020287ED128780128A4
:104CE0007BD001202870FFF769FF07460122009062
:104CF0001923D103204602F0DFFF00283FD12220F4
:104D000068701020A870002666640398606204989A
:104D100060856663618D09208002FF2903D9FF2227
:104D20002285009034E0618D2185009036E0204698
:104D3000029902F0AFFF36E002F0E2FF002803D054
:104D4000606C042847D01AE02068416A606A421CFF
:104D500062620170208D401E80B22085618D491EE7
:104D6000618500281FD1608D00281CD0009700228B
:104D7000802120460A9B02F09FFF002802D00320DA
:104D800005B0F0BD608DFF2805D9FF222285009671
:104D900001231B06CBE7608D20850096208D012323
:104DA000C2B25B06C3E7608D0A9900283A462046E6
:104DB000C2D102F0E1FF0028C2D121682020C861E1
:104DC00021684A68064B1A404A606870AE702E70BF
:104DD0000020D5E701E00120D2E70220D0E7000063
:104DE00000E800FEFFB5054604464035687881B00E
:104DF00020287ED1287801287BD001202870FFF759
:104E0000DDFE0746012200901923D103204602F05F
:104E100053FF00283FD1212068701020A870002681
:104E2000666403986062049860856663618D012002
:104E30004003FF2903D9FF222285009034E0618DD1
:104E40002185009036E02046029902F023FF36E0EB
:104E500002F0B9FF002803D0606C042847D01AE0A4
:104E6000606A411C6162017820688162608D401E29
:104E70006085208D401E0004000C20851FD1608DB0
:104E800000281CD000970022802120460A9B02F0B7
:104E900013FF002802D0032005B0F0BD608DFF286D
:104EA00005D9FF222285009601231B06CBE7608DE2
:104EB00020850096208D0123C2B25B06C3E7608D7A
:104EC0000A9900283A462046C2D102F055FF002830
:104ED000C2D121682020C86121684A68064B1A4067
:104EE0004A606870AE702E700020D5E701E00120A6
:104EF000D2E70220D0E7000000E800FEFFB505463B
:104F000004464035687883B0202873D10C98002877
:104F100071D00D9800286ED0287801286AD0012021
:104F20002870FFF74BFE0746012200901923D1039A
:104F3000204602F0C1FE002876D122206870402071
:104F4000A870002666640C9860620D9860856663A0
:104F50000E980090019704A90EC9204602F030FE79
:104F6000002804D0606C2E70042860D05CE0618D55
:104F700009208002FF2905D9FF22228501231B0673
:104F8000009006E0618D21850090208D0123C2B242
:104F90005B062046049902F07DFE00970022042162
:104FA00020460E9B02F088FE00283DD12068416A11
:104FB000606A421C62620170208D401E81B22185B0
:104FC000608D401E6085002921D1608D00281ED093
:104FD00000970022802120460E9B02F06DFE0028E3
:104FE00022D1608DFF2807D9FF22228501231B06CD
:104FF000009608E02AE01AE0608D20850096208D5A
:105000000123C2B25B062046049902F043FE608D84
:105010000028C2D13A4620460E9902F0ADFE002883
:1050200007D0606C042802D0032007B0F0BD012037
:10503000FBE721682020C86121684A68044B1A40B8
:105040004A606870AE702E700020EEE70220ECE738
:1050500000E800FEFFB5054604464035687883B099
:10506000202876D10C98002874D00D98002871D093
:10507000287801286DD001202870FFF79FFD074692
:10508000012200901923D103204602F015FE0028CA
:1050900053D1212068704020A870002666640C98C7
:1050A00060620D98608566630E980090019704A970
:1050B0000EC9204602F0B9FD002804D0606C2E70A5
:1050C00004286AD039E0608DFF2805D9FF222285A7
:1050D00001231B06009606E0608D20850096208D3A
:1050E0000123C2B25B062046049902F0D3FD3A4682
:1050F00020460E9902F067FE002803D0606C042859
:105100004BD01AE0606A411C6162216800788862B5
:10511000608D401E6085208D401E0004000C20859F
:1051200024D1608D002821D00097002280212046C4
:105130000E9B02F0C1FD002802D0032007B0F0BD95
:10514000608DFF2807D9FF22228501231B060096C8
:1051500008E024E021E0608D20850096208D012369
:10516000C2B25B062046049902F094FD608D0028CF
:10517000BDD13A4620460E9902F0FEFD0028BDD171
:1051800020682021C16120684268064B1A404260B5
:105190006970AE702E700020D0E70120CEE70220AB
:1051A000CCE7000000E800FE10B50948826A012142
:1051B00049050A438262826A8A438262054C402121
:1051C0002046FFF7A5FB80212046FFF7A1FB10BD7D
:1051D000001002400004005030B58FB00820059048
:1051E00040020A9005A800F0DBF91548C26A0221C6
:1051F0000A43C262C26A0A400E92C26A0A43C2628B
:10520000C26A0A400E92816B0122520511438163EA
:105210004020009012200190002002900320094DB0
:1052200001240390694604942846FFF7F9FB802087
:105230000090694604942846FFF7F2FB0FB030BD9A
:10524000001002400004005070B504000FD0216827
:105250001348086021681348086003CC4160206847
:10526000083C21688860FFF7A9FC054608E001209A
:1052700070BDFFF7A3FC401B302801D9032070BD8F
:105280002068C0680028F4D120680269E1688A4279
:1052900001D0016101E004490160002070BD0000FF
:1052A000CCCC000055550000AAAA000000680249B5
:1052B0000160002070470000AAAA000002480168AF
:1052C000491C0160704700008000002010B50648AE
:1052D0000168022211430160032000F007F800F08A
:1052E00007F8002010BD0000002002400020704799
:1052F00010B50848816B02041143816300F036F851
:1053000000F02CF80448016808221143016000F005
:105310001DF810BD0010024000200240C106C90E59
:1053200001208840014908607047000080E100E0EA
:10533000C106C90E0120884001490860704700007D
:1053400000E100E010B504F087FB10BD02480168E1
:105350000215114301607047007000400248016867
:105360004215114301607047007000400248016817
:10537000102291430160704700700040094B1A6889
:105380009208920002431A600748026904239A4374
:105390000261012903D040BF20BF20BF704730BF4A
:1053A000704700000070004000ED00E00A4B1A68F2
:1053B0009208920002431A600848036904221343CA
:1053C0000361012906D040BF20BF20BF016991437E
:1053D0000161704730BFF9E70070004000ED00E068
:1053E000F8B56649074601250020ED03624B634A84
:1053F0004031102F6FD011DC012F77D0022F6CD0ED
:10540000042F6BD0082F24D1C96803242403214022
:105410007BD0BD026C10A9427CD0A0E00326584C82
:105420003604202F0BD0402F35D0FF3F012F10D155
:10543000C968314069D07C04A1426BD096E00B6909
:105440000969012731403F04B94203D1990559E068
:105450002846F8BD01256D04A94203D19907F8D566
:105460004848F8BDB142FCD111688903F9D51168EB
:1054700003200005014001200005091A09D0091A7E
:1054800005D0814201D14048F8BD2046F8BD3F48D3
:10549000F8BD3F48F8BDC9680125AD06294006D0D2
:1054A000A942F7D191688907F4D53A48F8BD116847
:1054B0008901FBD5D068D1688002374D000F2D5C83
:1054C0000802810FD068491CC0030AD41068C006C6
:1054D00005D5204606E045E008E023E030E0184628
:1054E00000E02E486843FAF703FEF8BDCC68A40735
:1054F000A40F0CD0022C0DD0012C10D0032CF4D111
:10550000096989050029A3DBF8BD16E002E000F077
:10551000D1F9F9E711684907F6D51846F4E700F024
:10552000D9F9F1E7CC680C26344006D0082CF1D02C
:10553000042CF4D00C2CE3D0E6E700F0ABF9E3E761
:10554000CC680326B6023440F7D00127FF02BC42E4
:10555000E0D07A109442E2D0B442D1D0D4E7A14254
:10556000DDD0D1E7916B4902E7D4CDE701221204E7
:105570009142D4D0C8E700000024F400001002409B
:1055800000093D008890000020A1070040420F0064
:1055900080841E00006CDC02E03D010800127A00ED
:1055A000F8B5044600785E4D800672D55C4E002743
:1055B000403EB06BC00004D4B06BA9050843B06393
:1055C000012758480168C90511D4016882151143A3
:1055D0000160FFF7F3FA009005E0FFF7EFFA00999A
:1055E000401A642837D84F480068C005F5D532689E
:1055F0000321090560680A400140914208D08103F7
:10560000890F032904D13168890301D50120F8BD30
:105610002A69032109040A4022D0084090421FD081
:10562000207880061CD528692A6988430121C9048D
:105630000A432A612A698A432A612861C0050FD575
:10564000FFF7BCFA009008E0FFF7B8FA0099411A9A
:105650003548814201D90320F8BD28698005F3D57A
:1056600061688803800F032805D1326800058243F2
:1056700001400A4332602869032261681204114024
:1056800008432861002F04D0B06B0121090788432B
:10569000B0632078C00705D0E868A1688008800062
:1056A0000843E8602078800705D5E8680C21884326
:1056B000E1680843E8602078400706D5E8680321E0
:1056C0008902884321690843E8602078000706D5ED
:1056D000E86803210903884361690843E86020887A
:1056E000C00506D5E868032109048843A169084379
:1056F000E8602078400606D5E868012189068843DD
:10570000216A0843E8602078000606D5E86803218E
:1057100089048843E1690843E8600020F8BD00007F
:10572000401002400070004088130000F8B50546A4
:1057300053480E460068C007C00FB0420AD2504816
:10574000016849084900314301600068C007C00F83
:10575000B0426FD128784B4C800705D5E068F02126
:105760008843A9680843E0602878C00752D0686879
:10577000022817D0032818D02168012818D08905DD
:10578000002957DAE168890889000143E160FFF7E1
:1057900015FA69680746022912D003291CD001298D
:1057A00026D033E021688903EAE721688901E7E729
:1057B0004907E5E7FFF702FAC11B3348814223D8C6
:1057C000E0680007800F0228F4D123E0FFF7F6F924
:1057D000C11B2D48814217D8E0680007800F0328BD
:1057E000F4D117E0FFF7EAF9C11B274881420BD833
:1057F000E0680007800F0128F4D10BE0FFF7DEF925
:10580000C11B2148814201D90320F8BDE06800078F
:10581000800FF3D11A480168C907C90FB1420BD9EB
:10582000016849084900314301600068C007C00FA2
:10583000B04201D00120F8BD2878400706D5E068C5
:10584000072109028843E9680843E06028780007D7
:1058500007D5E0680721C90288432969C9000843C0
:10586000E06000F037F8E168084A0906090F515C6A
:10587000C840074908600320FFF738FD0020F8BD45
:10588000002002400010024088130000D03D0108B3
:105890007C000020044805490068C968044A49059D
:1058A000490F515CC84070477C0000200010024046
:1058B000E93D0108044805490068C968044A8904AB
:1058C000490F515CC84070477C0000200010024026
:1058D000E93D010810B5184AD1680C200840042899
:1058E0000BD0082810D00C2810D050680004410FAD
:1058F0000120C003491C884010BD1068C00601D5B6
:105900000E4810BD0E4810BD0E4810BD88020E4B4B
:10591000000F185C0902D368890F491CDB0301D50D
:10592000084A05E01268D20601D5044A00E0044A9C
:105930005043FAF7DDFB10BD0010024000093D00A6
:105940000024F40000127A00E03D0108F8B5044696
:105950000078FF4DC0074CD0E8680007800F022890
:1059600007D0E8680007800F032809D1E868C00362
:1059700006D5286880033CD56068002875D038E0DB
:10598000012062680004824203D129680143296032
:1059900011E0052301211B0489049A422A6802D1DF
:1059A0000A432A60F1E782432A602A680240009293
:1059B000286888432860606800280DD0FFF7FEF84B
:1059C0000646E44F04E0FFF7F9F8801BB8427DD8A3
:1059D00028688003F7D50CE0FFF7F0F80646DD4FA6
:1059E00004E0FFF7EBF8801BB842F0D8286880038A
:1059F000F7D42078800741D5E8681F270007800F7B
:105A00003F02012807D0E8680007800F032809D16A
:105A1000E868C00306D42868400717D5E068012865
:105A200023D113E0E068002817D0296809229143A8
:105A300001432960FFF7C2F8064604E0FFF7BEF80D
:105A4000801B0228C3D828684007F7D568682169F9
:105A5000B84309020843686010E028684008400025
:105A60002860FFF7ABF8064605E090E0FFF7A6F8E0
:105A7000801B0228ABD828684007F7D42078C006DE
:105A800076D5E868B44E0007800F0BD0E069002897
:105A90005DD02868FF21013108432860FFF78EF8A8
:105AA000074644E02868800502D5E06900286ED0EA
:105AB000606A69683140884212D905F067FB0028A6
:105AC000AED16868616AB043084300E0E4E0686012
:105AD0006868218C0002000A0906084368600FE02C
:105AE0006968B143014369606868218C0002000A5B
:105AF000090608436860606A05F048FB00288FD1FA
:105B0000606A410B0120C003491C8840E968934A40
:105B10000906090F515CC840914908600320FFF74E
:105B2000E5FB25E0FFF74AF8C01B02288AD8286861
:105B30008005F7D56868616AB043084368606868A3
:105B4000218C0002000A09060843686010E02968F9
:105B5000FF20013081432960FFF730F8064604E05A
:105B6000FFF72CF8801B022884D828688005F7D41A
:105B700020787C4E000723D560690028306910D05A
:105B8000012108433061FFF719F8074605E009E1F4
:105B9000FFF714F8C01B02287ED830698007F7D5BC
:105BA0000EE0400840003061FFF708F8074604E0C7
:105BB000FFF704F8C01B02286ED830698007F7D4BD
:105BC0002078400761D5A86B0027C00005D4A86BDA
:105BD000012109070843A863012763480168C90533
:105BE00011D40168821511430160FEF7E7FF0090B0
:105BF00005E0FEF7E3FF0099401A64284CD85A48A4
:105C00000068C005F5D5FF20A2680130824203D1AB
:105C100031690143316111E001218902002A07D075
:105C200005231B029A4203D132690A433261EFE72E
:105C3000326982433261306988433061A06800284C
:105C40000ED0FEF7BBFF009006E0FEF7B7FF00990D
:105C5000411A404881421FD830698005F5D50DE0D2
:105C6000FEF7ACFF009006E0FEF7A8FF0099411A8E
:105C70003848814210D830698005F5D4002F04D00F
:105C8000A96B012000078143A9632078800630D5E5
:105C90003649A0694A1400E07DE0002816D0AB68C0
:105CA00001200343AB606B6B03436B63086A1043D3
:105CB0000862FEF783FF064604E0FEF77FFF801BC5
:105CC000022868D8A8688007F7D512E0A8684008BD
:105CD0004000A860086A90430862FEF76FFF06461E
:105CE00004E0FEF76BFF801B022854D8A8688007E9
:105CF000F7D4A06A002853D0E9680907890F03295F
:105D000050D0012636060228286805D0B043286006
:105D1000FEF754FF044640E0B0432860FEF74EFF14
:105D2000074604E0FEF74AFFC01B022833D8286864
:105D30008001F7D4216BE06AEA680843616BFD23B8
:105D40001B049A4311430843E860286830430FE07E
:105D5000001002408813000000E00000D03D010860
:105D60007C00002040100240007000400000014014
:105D70002860FEF723FF044604E0FEF71FFF001B28
:105D8000022808D828688001F7D509E0FEF716FF39
:105D9000001B022801D90320F8BD28688001F5D432
:105DA0000020F8BD0120F8BD30B5014620310A7849
:105DB000012A15D001220A7002234B700468CA23FD
:105DC000636204685323636203689C6820252C4344
:105DD0009C600068FF2343624A700020087030BD59
:105DE000022030BD10B509F063F810BDF8B50546C6
:105DF00004462035287801281DD001202870022073
:105E000068702268CA205062226853205062FF20C6
:105E100001300026FF2781421CD121688A68824315
:105E20008A60206881680122120391438160FEF735
:105E3000C5FE009009E00220F8BDFEF7BFFE009904
:105E4000411A7D20C00081421BD82068C068C0076D
:105E5000F3D020E0206881680122520291438160E2
:105E600020688168120191438160FEF7A7FE0090CF
:105E70000DE0FEF7A3FE0099411A7D20C00081428B
:105E800005D920684762032068702E70F8BD20682D
:105E9000C0688007EDD520684762012068702E70C9
:105EA0000020F8BD10B500680B464068C021C9430A
:105EB00001400002000ECC04D870E40E5C708C0629
:105EC000A40E0904490F9C701970002A0AD105F02C
:105ED00099F9D870587805F095F95870987805F0C8
:105EE00091F99870002010BD30B50B460168896AA1
:105EF0005960016809694904490C9960006804689F
:105F00000F482146014088024D04800E18706D0E26
:105F100049065D70490E99706102490E4024214086
:105F2000D970002A0AD105F06DF91870587805F07B
:105F300069F95870987805F065F99870002030BDBF
:105F40007F7F7F0070B5040005D025462035687836
:105F5000002802D006E0012070BD002028702046F5
:105F600000F042F8022068702168CA204862216867
:105F700053204862204605F058F9FF210028206888
:105F800003D0416204206870E5E78268154B1A402F
:105F90008260226890686368A66918432369334366
:105FA000184390602268E0681061206802692389C4
:105FB0001B041A4302612068C26880239A43C260AE
:105FC0002068C26C92089200C264E2696069024370
:105FD0002068C36C1A43C264206841620120687063
:105FE000002070BDBFFF8FFF00B597B00420009068
:105FF00000200A90FF20013002906846FFF7A6FCBF
:10600000002801D0FDF7D6FC20200E90C0020F9092
:106010000EA8FFF7C5FA002801D0FDF7CBFC084811
:1060200001690122920411430161002211460220FC
:10603000FFF788F90220FFF77BF917B000BD0000D9
:1060400040100240FEB506460446203630780B4626
:10605000012842D0012030700220707020681D4657
:10606000002720358068002A39D0400655D5187899
:1060700005F0C8F8287805F0C5F81978987809046B
:1060800008435978DA780902120411430843297841
:1060900009060843D96908435969084305469969BF
:1060A0005868084300902168CA204862216853203C
:1060B0004862FF205A6A0130802182424AD1226818
:1060C0009368834393602268D0680840FF38823821
:1060D000D060FEF773FD019029E00220FEBD40066E
:1060E00000D4DF70187805F095F80204587805F0B0
:1060F00091F800020243987805F08CF80243D878B2
:1061000000040243287805F085F800060243D869A8
:106110000243586902431546C1E7DF70AAE7FEF75C
:106120004DFD0199411A7D20C00081422AD8206886
:10613000C068C007F3D02068C56121680098486432
:1061400020688168FF2201321143816020688168E4
:10615000120130E02068826801235B029A4382606A
:106160002068C2680A401D495118C160FEF726FD2B
:1061700001900EE0FEF722FD0199411A7D20C0003A
:10618000814206D92168FF20486203207070377071
:10619000FEBD2068C0688007ECD5206805622168D4
:1061A000009888642068816801225202114381604E
:1061B0002068816812011143816009480268012149
:1061C00049040A43026082680A4382602168FF2012
:1061D00048620120707037700020FEBD7FFDFFFF18
:1061E00000040140F8B505460446203528780B46E2
:1061F000012815D001202870022068705878002AE4
:1062000010D004F0FFFF987804F0FCFFD8789E7857
:10621000000406435878197800024903084316E041
:106220000220F8BDC10603D5EF2108400A3058709E
:10623000D87804F0EFFF0604587804F0EBFF000272
:106240000643987804F0E6FF0643187840030643B7
:106250002168CA204862216853204862204604F021
:10626000E4FF0027002811D110480640206846604E
:106270002068C16880229143C160206880688006E0
:106280000CD4204600F08CF8002807D02168FF20AD
:106290004862042068702F700120F8BD2168FF203B
:1062A0004862012068702F700020F8BD3FFFFF009A
:1062B000F8B506460446203630780D4601280ED043
:1062C0000120307002207070206800278068002A4A
:1062D00007D040061AD5287804F094FF17E0022072
:1062E000F8BD400600D4EF70287804F093FF020454
:1062F000687804F08FFF00020243A87804F08AFF58
:106300000243E8780004024300920BE0EF70297822
:10631000A878090408436978EA780902120411434D
:10632000084300902168CA204862216853204862CF
:10633000204604F07AFF00281FD118490098084031
:10634000216808602068816801229204914381607D
:106350002969E868084321688A68104388602068D2
:10636000C16880229143C1602068806880060CD497
:10637000204600F015F8002807D02168FF20486269
:106380000420707037700120F8BD2168FF2048623A
:106390000120707037700020F8BD00007F7F7F0003
:1063A00070B504460068C168A0229143C160FEF741
:1063B00005FC7D260546F60006E0FEF7FFFB401BC8
:1063C000B04201D9032070BD2068C0688006F4D5B2
:1063D000002070BD70B5040006D025464035687CAD
:1063E0000026002802D005E0012070BD2E74204652
:1063F00000F032F80220687420680168402291435E
:106400000160A168606822690843E168114308439C
:10641000616901220843A169520211400843E16900
:106420000843216A0843A16A084321680860A069FB
:106430000421000C0840616A084321684860216813
:10644000E06A08612068C16992009143C161666594
:1064500001206874002070BD7047F8B5044600271D
:106460006846078026464036707C012802D0707C42
:1064700022287ED100290CD0002A0AD0002B08D077
:10648000307C012875D001203074707C012802D046
:1064900003E00120F8BD322070746765A263A38712
:1064A000E3872163A386E386A764E7640125A06AE6
:1064B0006D03A84207D120680168A94301602068E4
:1064C00001682943016020680168490603D4016816
:1064D0004022114301600121FF20E268C90205301A
:1064E0008A42616866D1002904D081420CD1E08ED5
:1064F000012809D1206B21680088C860206B801CAE
:106500002063E08E401EE086E08E002843D1A06A22
:10651000A84246D12068016801221203114301609C
:106520003FE02068C068A16B0880A06B801CA0635E
:10653000B0E0002202212046069B06F091F90028D7
:106540007DD1206B21680088C860206B801C20638F
:10655000E08E401EE086E08E002808D1A06AA842A6
:1065600005D1206801680122120311430160002255
:1065700000E0CCE001212046069B06F071F90028DE
:106580007FD12068C068A16B0880A06B801CA063CD
:10659000E08F401EE087E08E0028CAD160680028A6
:1065A0007BD1002201212046069B06F059F90028E4
:1065B00067D1B6E7002904D081420BD1E08E0128D3
:1065C00008D1206B411C216321680078C860E08EEF
:1065D000401EE086E08E002845D1A06AA84205D181
:1065E0002068016801221203114301600022012189
:1065F0002046069B06F034F9002842D12068C06886
:10660000A16B087046E0002202212046069B06F09E
:1066100027F9002835D1206B411C216321680078BF
:10662000C860E08E401EE086E08E00280AD1A06A95
:10663000A84207D1206802680121090300E020E098
:106640000A430260002201212046069B06F008F959
:10665000002816D12068C268A06B411CA16302709B
:10666000E08F401EE087E08E0028CCD160680028D3
:1066700013D1002201212046069B06F0F1F80028E4
:1066800002D00320F8BD08E02068C168A06B421C5E
:10669000A2630170E08F401EE087A06AA8420FD17C
:1066A000002201212046069B06F0DAF8002802D0DD
:1066B000606D02210EE02068C06869460880088885
:1066C000012280212046069B06F0CAF8002804D04B
:1066D000606D202108436065D3E701207074A06AD3
:1066E000A84211D120688168C943C9060CD4616DE4
:1066F0000222114361650168A943016020680168B5
:10670000294301603774C4E637740020BAE70220D9
:10671000B8E702462032137D012B07D00123137501
:10672000006801655375002010757047022070479E
:1067300070B5040005D025462035687D002802D0BC
:1067400006E0012070BD00202875204600F00AF800
:1067500002206875211D206808F0FEFA0120687586
:10676000002070BD70470268D36801210B43D360DD
:10677000006802680A430260002070470168CA6826
:1067800052085200CA600068016A044A114203D1EB
:10679000016849084900016000207047111100009C
:1067A00010B500210F4800F0E7F90F4CA268214610
:1067B00053005B18521CA2601880A06802280FD3F7
:1067C0004A8808880021C943081A401C101881B261
:1067D00006480068F9F78CFC60606068C000606083
:1067E00010BD00009C020020080000207C0000205A
:1067F000F8B5064604462036307D0D4601283DD0CA
:106800000120307502207075002A39D0042A46D044
:10681000082A57D02B68297B20689E468C466B68D7
:10682000016A0122120391430162C169026A0327CE
:106830003F02B9431B020B430F2109038B436146FF
:106840000907090C194305235B039A4373460A277A
:106850003B401B031343C16103622068C1690322EB
:1068600092029143C1612068C169AA681202114372
:10687000C1610120707500203075F8BD0220F8BD9F
:10688000EB6806CD083D206808F0A2FA206882690E
:106890000C218A43826120688169AA680FE0EB6855
:1068A00006CD083D206808F0C1FA206882690321FE
:1068B00089028A43826120688169AA6812021143B1
:1068C0008161D6E788CD287921688446086AFF224D
:1068D000013290430862C8690A6A80088000384320
:1068E000F027B84367463F073F0E074305204002A5
:1068F00082430A20034018021043CF6108622068D7
:10690000C1690C229143C1612068C1692A68AEE760
:1069100010B5022104462034617501680A6A064BED
:106920001A4203D10A68520852000A6000F020F8A7
:1069300000206075207510BD1111000070B50400B5
:1069400005D025462035687D002802D006E00120CC
:1069500070BD00202875204600F00CF802206875F4
:10696000211D206808F0F8F901206875002070BD2D
:106970007047000010B50748416B04221143416382
:10698000002204211420FEF7DDFC1420FEF7D0FCC9
:1069900010BD00000010024010B502680446002936
:1069A00006D0042907D0082914D00C2907D114E0F7
:1069B000D068022301E0D06804231843D06001228C
:1069C000206808F0F9F9206801680122114301608C
:1069D000002010BDD0680823EFE7D0681023ECE753
:1069E00010B502680446002906D0042907D00829FA
:1069F00018D00C2907D118E0D068022301E0D06834
:106A000004239843D0600022206808F0D5F920685C
:106A1000016A074A114203D101684908490001602F
:106A2000002010BDD0680823EBE7D0681023E8E70A
:106A30001111000070B50446006801690025C943C2
:106A40008907002915DBC168C943890711D4E91EEC
:106A5000016101202075206880698007204602D0EE
:106A6000FFF79EFE04E000F078F8204600F076F88C
:106A7000257520680169C943490717D4C168C9430E
:106A8000490713D40421C9430161022020752068FD
:106A900080698005800F204602D0FFF781FE04E068
:106AA00000F05BF8204600F059F825752068016970
:106AB000C943090716D4C168C943090712D408217C
:106AC000C9430161042020752068C0698007204601
:106AD00002D0FFF765FE04E000F03FF8204600F02A
:106AE0003DF8257520680169C943C90617D4C168F6
:106AF000C943C90613D41021C94301610820207578
:106B00002068C0698005800F204602D0FFF748FE4C
:106B100004E000F022F8204600F020F825752068F7
:106B20000169C943C90708D1C168C943C90704D16C
:106B3000891E0161204600F013F820680169C943ED
:106B4000490609D4C168C943490605D44021C9434F
:106B50000161204600F033F870BD704770470000B7
:106B60000349884203D103490888401C08807047C4
:106B7000AC0500205000002010B5034620331C7DDA
:106B80000022012C0AD001241C75002908D00429F8
:106B900009D008290AD00C290DD10AE0022010BD25
:106BA0000068426B07E00068826B04E00068C26B1B
:106BB00001E00068026C00201875104610BD704797
:106BC000014660310A7A012A0DD001220A7224227C
:106BD0004A720068026802231A4302602020487249
:106BE000002008727047022070470000FEB505467D
:106BF00004466035287A00269446012811D00123E6
:106C00002B7224206872206802689A430260276809
:106C1000B8680322120590430843B860002902D0E7
:106C200015E00220FEBD60460091019021686A4691
:106C3000928848681027B84310434860206841682C
:106C40006A4609029279090A1206114341602068D6
:106C5000016819430160FDF7B1FF0949009103463E
:106C6000012100228905204608F0EDFC002801D012
:106C7000032601E020206872002028723046FEBD05
:106C8000FFFFFF0170477047F8B502680446D069FE
:106C900011680607360F07D1830605D58B0603D585
:106CA000204608F045FBF8BD95682023002E65D0EE
:106CB000EE07F60FFF2721370F4037435ED0C70797
:106CC00006D0CF0504D501271762E26E3A43E2668B
:106CD000820708D5EA0706D0276802223A62E26EE8
:106CE00004273A43E266420708D5EA0706D025683A
:106CF00004222A62E26E02252A43E266020709D5CF
:106D00000A461A40324305D0236808221A62E36E0D
:106D10001343E366E26E002AC5D0800604D58806D8
:106D200002D5204608F004FBE06E000703D420687B
:106D3000806840061CD5204608F0E2FA2068816889
:106D4000490611D5826840218A438260606E00281E
:106D50000AD01D498163606EFDF744FB0028A2D074
:106D6000606E816B8847F8BD2046FFF78CFFF8BD49
:106D70002046FFF788FF0020E066F8BD2646C702E0
:106D80006036002F0ADA6D0208D501200005106276
:106D90007372B3722046FFF775FFF8BD050605D57F
:106DA0000D0603D5204608F01BFCF8BD4006FCD5B7
:106DB0004806FAD52046146840218C43146073724B
:106DC00000F026FAF8BD000069F2000870B5040072
:106DD00005D025466035687A002802D006E00120FB
:106DE00070BD00202872204600F026F8242068722A
:106DF00020680168490849000160606A002802D0E3
:106E0000204608F09BF9204608F0D2FA0128E7D086
:106E1000206841680922D20291434160206881685C
:106E20002A22914381602068016801221143016098
:106E3000204608F0E9F970BD70B505460068304994
:106E4000304C8AB0884246D1E06A01263043E06285
:106E5000E06A30400990E06A3043E062E06A304026
:106E60000990A06BB1040843A06324216846F9F798
:106E7000EFF904200090400204906846FEF790FB72
:106E8000206B30432063206B304009900CF01EFED5
:106E90001E4C1D48206000211020E160A06061614F
:106EA000A161E161802021622061052060602046AF
:106EB000FDF724FC2C66012211460B20A562FEF78B
:106EC00041FA0B20FEF734FA012211461D20FEF78D
:106ED00039FA1D200FE00E4988420ED1606B012166
:106EE0008903084360630CF0DFFC002202211B20B1
:106EF000FEF728FA1B20FEF71BFA0AB070BD00004F
:106F00000048004000100240800002405C09002060
:106F100000380140F0B5034660339C7A202C44D100
:106F200000290BD0002A09D0012584682D03AC422A
:106F300006D10669002E03D1CE0701D00120F0BD95
:106F40001E7A012E31D001261E7241650146403164
:106F50000A834A83FF27AC4204D10269002A12D176
:106F6000134A0EE07F22002C08D001252D07AC42E9
:106F70000AD10469002C04D03F2202E00469002CED
:106F800001D08A8300E08F830021C16622229A7299
:106F9000197201688A6832438A6000680168FF22BA
:106FA0002132114301600020F0BD0220F0BD00003D
:106FB000FF010000F8B5054600682049204C8842D2
:106FC0000ED1E168002904D0E86E002801D1201D0F
:106FD00088471B490122091D2846FFF79BFFF8BD82
:106FE000184900268842FAD1174D2027144916481F
:106FF0000122491D6038FFF78DFF002802D0AF72D3
:107000002E72F3E70E48401D0178801E0170207833
:10701000002805D00D4A60781154401C6070F8BDFE
:107020000B4A10780028FAD00A4BA0781954401C5B
:10703000C0B2A0700828F2D11670F8BD0048004018
:1070400014010020003801406C0A002028090020AB
:107050004700002048000020FFB506460446603681
:10706000707A83B00D46202858D1002D0CD0059899
:10707000002809D00120A1680003814207D12069BE
:10708000002804D1E80702D0012007B0F0BD307A13
:10709000012843D0012030720020E0662120707268
:1070A000FDF78CFD019027464037059838820598FA
:1070B000788218E0788A401E788206980090002234
:1070C00080212046019B08F0BEFA002818D101203B
:1070D000A1680003814202D12069002812D02168F2
:1070E000287888626D1C788A0028E3D10698009081
:1070F000002240212046019B08F0A5FA002808D074
:107100000320C2E728882168C005C00D8862AD1C35
:10711000E9E72020707200203072B6E70220B4E761
:10712000F8B5054604466035687A20283BD1002929
:107130000BD0002A09D00123A0681B03984206D176
:107140002069002803D1C80701D00120F8BD287AA2
:10715000012828D00120287220464030E1640282B4
:1071600042820026E66621206872216E0F48C862BE
:10717000216E0F480863216E0E484863206E134647
:1071800086632768E16C3A462832206EFDF73AFBA9
:107190002168402008622E72206881688022114395
:1071A00081600020F8BD0220F8BD0000C7F2000891
:1071B000F7F200087DF2000830B5034660335C7AD0
:1071C000202C23D100290BD0002A09D00125846866
:1071D0002D03AC4206D10469002C03D1CC0701D0A9
:1071E000012030BD1C7A012C10D0C1640146403111
:1071F0000A824A820021C16621225A7219720068ED
:107200000168802211430160002030BD022030BDA2
:1072100002488068002800D0004770471401002011
:107220007047000010B51248017800291ED10122D4
:10723000027011480F49016000210164C161D30748
:107240008161436082638160C160016207234162A2
:10725000C3630261C1620422426101630748416B5A
:107260004215114341630448FCF734FF10BD000090
:107270001001002000240140C80800200010024036
:107280007CB51E49064609780020002934D01C48E8
:107290004168C9430907FBD41A4C606B6515284344
:1072A000606300211848FCF771FE184800901848E8
:1072B000019069461448FCF7BFFEA014019069468E
:1072C00000961148FCF7B8FE0F48FDF745F800217D
:1072D000C9430D48FCF7E1FF0B48FCF7F7FE0A49EC
:1072E00080B20A68936802263343936009680322D8
:1072F0000A60616BA94361637CBD0000100100203E
:107300000070004000100240C8080020FFFF070086
:1073100001100000014600200A0A00D00820084A97
:10732000114201D004221043064A114201D0022228
:107330001043054A114201D0012108437047000063
:10734000F0F00000CCCC0000AAAA000038B50B2356
:107350001B07C518114B0FD01C152D1B18D02D1B4A
:1073600019D0A542DD6A05D108242543DD62DB6A18
:10737000234007E08024F8E7DC6A01252C43DC6227
:10738000DB6A2B40009311601146FDF749FB38BDC5
:10739000DD6A0224E9E7DD6A0424E6E70010024022
:1073A00010B5FFF7B7FF810002484058002800D011
:1073B000804710BD0806002070B51C4615460E46D5
:1073C0000846FFF7A7FF0A49002C0DD080000C509B
:1073D000304602F0B5FA044600222946FDF7B2FF16
:1073E0002046FDF7A5FF70BD002280000A5070BD49
:1073F0000806002010B5D2B2FDF7D9FB10BD000081
:1074000010B51248FFF73CFF114C01000CD0114899
:10741000114A008B5043F8F76BFE80B20F49208071
:10742000884203D3FE2010BD002020800C488542F6
:1074300001D2012010BD0A48FE21404228184843CD
:1074400019214901F8F754FEC0B210BD00000244F2
:10745000C20000206000F81FB80B0000E40C000020
:10746000C409000003494A690869496A5040484014
:10747000704700004000F81F70B51148FFF700FF8B
:10748000104C01001AD0208B0F4A5043F8F730FE01
:1074900005460E48FFF7F4FE68430B49F8F728FE4F
:1074A000618B0522401A12035043E28B511AF8F700
:1074B00035FE0F214902401880B270BD0025E8E773
:1074C000000002446000F81FB80B000000000448F0
:1074D0000F494B6A0A69D218120EC2714B6A0A69C7
:1074E000D218120C82710A8A8B8CD218120A42713D
:1074F0000A7C8B8CD21802714A69120EC2704A69DA
:10750000120C82708A8A120A4270097D01707047DB
:107510004000F81F10B50B4C6078002810D1FFF721
:1075200081FE09480068804700F0DEF900F092F81B
:1075300007F08AFDFBF7C0FDFAF730F90120607013
:1075400010BD000010010020683D010870B5410E1B
:10755000C0017D220023F8F7F5FD054600F072F822
:10756000044600E000BF00F06DF8001BA842F9D30C
:1075700070BD000070B505460C4600222048FEF79D
:10758000B3FC002229461E486668FEF78BFC0022E9
:1075900021461B48FEF7A8FC6068B042F1D1E878AC
:1075A000184A01465043C01C8308880726D0164954
:1075B00068783D220646504302463C3A7000801EE1
:1075C000C1408807D10F8918800F4910081AC018C8
:1075D000A978401E08180D493C2248436178E123F0
:1075E000514322781B015A438918A27810180818B1
:1075F000074A61688002511A401870BD0549D7E7F3
:1076000048060020B5050000A0AA9900805101009D
:10761000FF030000505544000320704701480068F4
:10762000704700009406002000B587B0694605A8A1
:10763000FFF7A0FF0249096807B0401A00BD00002B
:107640009406002000B587B0694605A8FFF792FFB1
:1076500007B000BD10B5084C207800280AD100F012
:107660004BF8FF2101310548FEF7C0FB00F074F82C
:107670000120207010BD00008E0000204806002070
:1076800010B50C4C0021042001F0B4FA2168886880
:10769000C0040ED5C868C0050BD5C868802210404C
:1076A000FF388238C8600449900248612046FEF7DE
:1076B00099FB10BD480600200004014070B5044647
:1076C000FFF7B2FF211A0B4D0220285EC01C814239
:1076D00001D9002100E00121042001F08BFA01F022
:1076E00061FA012802D10220285E241A204600F007
:1076F0003FF870BD8E00002010B51449144886B0C4
:10770000002412C01F21016084600461114944619A
:1077100041600838FEF716FC6946CC7501204875B3
:1077200088750875002205A90948FEF75BFD0094DD
:10773000019404940022694605480394FEF7B8FDBD
:107740000348FEF731FB06B010BD000000280040E2
:1077500048060020FF03000010B5044C2046211D00
:107760001830FFF707FF206010BD000094060020CE
:10777000F0B587B0044614223F4901A8F8F74FFD41
:107780003D485038406E009000F07EF83B4802992A
:107790003B4A401AA105890D081887B2A10A68461C
:1077A0008078534202E08918401C80B29942FAD294
:1077B0006A461579E122120102E0891A6D1CADB208
:1077C0009142FAD26A46547902E0641CA4B23C3970
:1077D0003C29FAD2927951188EB20121890203E034
:1077E0007A1A761C97B2B6B28F42F9D203E03C3EC9
:1077F000641CB6B2A4B23C2EF9D203E03C3C6D1C32
:10780000A4B2ADB23C2CF9D203E0183D401CADB29D
:1078100080B2182DF9D26946C978890769464A7835
:1078200027D01849491E515C814202D2F8F760FC0A
:1078300008461249CA1B10492C394A6005225206D3
:107840008A618E704C700A460D7020321070684646
:10785000C079C8700020C861FF2248610132C86049
:107860004A620861024608462438FEF7EBFB07B07F
:10787000F0BD04490C31D5E798060020FF03000055
:1078800080AEFEFFF13D010810B506480168C868EA
:1078900080221040FF388238C86051000148FEF74E
:1078A000A5FA10BD4806002010B57D2107F0FFFFA6
:1078B0004906C009084310BD10B5410EC0017D2224
:1078C0000023F8F73FFC10BD01B582B00020C04393
:1078D0000090012301AA02A90248FEF7BEFD6846F6
:1078E00080880EBDB006002010B51C481A49016002
:1078F0001C4A1B4B0021126803E05208491C07294F
:1079000001D29A42F9D84A078B07D20FDB0F5201F6
:107910001B011A43C90700D008210A43C261002194
:10792000816001614161FF22C16005328162426074
:10793000012201625202826141620B48416B821452
:10794000114341630548FEF745FD002801D0FCF7CF
:1079500031F800F045F810BD00300140B0060020BD
:10796000809698007C0000200010024070B586B020
:1079700014216846F8F76CFC052601250224360719
:107980006A468021304601950294FFF7DFFC002211
:1079900080213046FFF72EFD6A4640213046029492
:1079A000FFF7D4FC002240213046FFF723FD6A4652
:1079B000202130460294FFF7C9FC002220213046E6
:1079C000FFF718FDA4036A46214630460295FFF7EB
:1079D000BDFC012221463046FFF70CFD06B070BD0C
:1079E00030B585B014216846F8F732FC02200190CA
:1079F00002900320039000200524240704906A4687
:107A000020212046FFF7A2FC6A4640212046FFF7CE
:107A10009DFC6A4680212046FFF798FC01210191D8
:107A2000CD0302916A4629462046FFF78FFC0122CA
:107A300029462046FFF7DEFC05B030BDF8B5012130
:107A400005200022C9020007FDF7B1F80024012635
:107A5000194F360331463846FDF7A4F80028F9D10E
:107A6000002501220527D6023F0731463846FDF79B
:107A70009EF86400002231463846FDF798F8710000
:107A80000D48FDF78FF8012800D1641C6D1CEDB284
:107A9000182DE6D301220526D502360729463046A1
:107AA000FDF785F828034440002229463046FDF7BB
:107AB0007EF82046F8BD00000004005000BFFDE73E
:107AC00008B50948C26A01210A43C262C06A03229A
:107AD0000840009005488160510206C00520034916
:107AE0000007FCF79DFF08BD0010024024050020A0
:107AF00001688A69D243920701D400228A62006831
:107B00008169C943C90703D0816901221143816199
:107B10007047000008B50B48C16A01221143C162D9
:107B2000C06A112110400090074841600021816027
:107B30000321C16049020160014605200007FCF7EE
:107B40006FFF08BD0010024010050020F7B5044685
:107B500000680E468069C043C0062CD42027254605
:107B6000403520688069C04380060FD5701CF8D06E
:107B7000002E05D0FDF722F80299401AB042F0D944
:107B80006F700020A87028700320FEBD21681020AF
:107B9000C8612068C7612046FFF7AAFF20684168D6
:107BA000064A11404160042060646F700020A87094
:107BB00028700120FEBD0020FEBD000000E800FE90
:107BC000F8B504460120164640031D46DAB200907F
:107BD000079F0023204600F05DF83A4620460699AC
:107BE00000F0F1F8002803D0606C04281BD018E0E6
:107BF0002846F5B2012809D02168300A88623A4641
:107C00002046069900F0DFF80028EDD12068856253
:107C10000097002240212046069B00F04DF80028E6
:107C200000D00320F8BD0120F8BDF8B504460120BE
:107C3000164640031D46DAB2C3020090079F204655
:107C400000F028F83A462046069900F0BCF80028D3
:107C500003D0606C04281BD018E02846F5B2012838
:107C600009D02168300A88623A462046069900F019
:107C7000AAF80028EDD120688562009700228021B3
:107C80002046069B00F018F8002800D00320F8BD1D
:107C90000120F8BD70B50568049C68688905890DE8
:107CA0001204044E114319433040214301436960DB
:107CB00070BD0000009800FCF8B51C4617460E4643
:107CC000054611E0601C0FD0002C05D0FCF776FFB4
:107CD0000699401AA04207D920204035687000203C
:107CE000A87028700320F8BD286881693046884351
:107CF00004D00020B842E5D00020F8BD0120F9E70B
:107D0000F7B5002720260546044640352AE02046E0
:107D1000029A0199FFF71AFF002801D00120FEBD49
:107D200020688069C04380060BD42068C661206843
:107D30004168104A1140416067646E70AF702F70E7
:107D4000ECE70198002806D0FCF738FF0299411AA9
:107D50000198814206D9606C304360646E702F7068
:107D60000320FEBD20688069C0434007CFD40020B7
:107D7000FEBD000000E800FE70B516460D46044644
:107D80001AE0324629462046FFF7E0FE002801D0DF
:107D9000012070BD002D04D0FCF710FF801BA8420D
:107DA0000AD9616C20200143616440346070002076
:107DB000A0702070032070BD20688069C0438006D9
:107DC000DFD4002070BD70B516460D4604461CE099
:107DD000324629462046FFF7B9FE002801D001208F
:107DE00070BD681C11D0002D04D0FCF7E7FE801B8D
:107DF000A8420AD9616C202001436164403460705C
:107E00000020A0702070032070BD20688069C043EE
:107E10008007DDD4002070BD70B501240525640203
:107E20002D07002221462846FCF7C1FE04F0E0FBA6
:107E3000002261002846FCF7BAFE00F00DF801228E
:107E400021462846FCF7B3FE00F006F80022214642
:107E50002846FCF7ACFE70BD08B50E200090401E11
:107E60000090FCD108BD70B50124052564022D07E2
:107E7000002221462846FCF79AFE04F0B9FB0122B5
:107E800091022846FCF793FEFFF7E6FF0122214608
:107E90002846FCF78CFEFFF7DFFF0022214628462C
:107EA000FCF785FE70BDF1B504F088FB00240126C7
:107EB0007602052725463F076006040E002231465C
:107EC0003846FCF774FEFFF7C7FF012231463846FB
:107ED000FCF76DFE012189023846FCF763FE00289D
:107EE00001D0641CE4B2FFF7B7FF6D1CEDB2082DA2
:107EF000E2D30098002803D0FFF78EFF2046F8BD9C
:107F0000FFF7B1FFFAE770B515460C46064600F0DC
:107F10005AF87600F0B200F022F800F097F8002846
:107F200003D000F072F8012070BD00F04CF8761C10
:107F3000F0B200F014F800F089F808E0012C0CD041
:107F40000120FFF7B0FF641E2870E4B26D1C002C06
:107F5000F4D100F05AF8002070BD0020F1E7F8B528
:107F6000054604F045FB0126052776023F0700225F
:107F700031463846FCF71BFE0024280601D50122B5
:107F800000E00022012189023846FCF710FEFFF7CD
:107F900063FF012231463846FCF709FEFFF75CFF1C
:107FA000002231463846FCF702FE01229102384693
:107FB000FCF7FDFD6806050EFFF74EFF641CE4B2FA
:107FC000082CDAD3F8BD70B504F012FB01220525A8
:107FD00094022D0721462846FCF7E9FD01225602AE
:107FE00031462846FCF7E3FDFFF736FF0022214625
:107FF0002846FCF7DCFDFFF72FFF0022314628461C
:10800000FCF7D5FDFFF728FF70BD70B504F0F0FA5E
:108010000124052564022D07002221462846FCF78D
:10802000C6FD6600002231462846FCF7C0FDFFF77A
:1080300013FF012221462846FCF7B9FD01223146F3
:108040002846FCF7B4FDFFF707FF70BDF8B5002424
:1080500004F0B4FA0122052596022D073146284680
:10806000FCF7A5FDFFF7F8FE012257023946284626
:10807000FCF79DFDFFF7F0FE07E0641CE4B2FA2C6C
:1080800003D9FFF7C2FF0120F8BD31462846FCF7AF
:1080900089FD0028F1D1002239462846FCF787FDEA
:1080A000FFF7DAFE0020F8BD70B50E460446FFF774
:1080B0008AFF6006000EFFF752FFFFF7C7FF01249B
:1080C000094D002806D13046FFF749FFFFF7BEFFF4
:1080D000002804D0FFF799FF2C70012070BDFFF736
:1080E00094FF002070BD00004600002010B5044839
:1080F000FDF7DCF8002801D0FBF75CFC10BD0000A8
:108100008C02002010B507A1095C07A006F0AEFFA5
:108110000C480021017102214171002100F08CFC0A
:1081200010BD000041424300737769746368207496
:108130006F20636C61737320256320646F6E650A22
:108140000D000000EC00002070B50025134C01204C
:108150006563A563E563A073E073607310A006F028
:1081600085FF0028FAD1E5750AF048F9012801D108
:108170000AF05CFE0D4806F037FF002000F038F9E9
:108180000A480B49283806F07DFE0848FF21F531E2
:10819000283806F0DFFE02F05DFB70BD9400002081
:1081A0004A4F494E45440D0A00000000780800205F
:1081B00055A8000870B5344C6161E061FAF77CFFA6
:1081C00032A006F053FF36A006F050FF3AA006F0AA
:1081D0004DFF40A006F04AFF0AF036FF0AF042F8D1
:1081E000214601202831087040483F49016040493C
:1081F000416040498160E0692146006818310860AB
:1082000001223A4800F0DCFD384D02200C35287080
:10821000606900782871284601F08AF807202870E4
:10822000606980782871284601F082F80020287063
:108230002871284601F07CF8606941782046683052
:108240002D4C01752068002807D02068122810D016
:10825000FAF732FF00F070F870BD09F025FF0A4907
:10826000012210312046FBF7ADFA24A006F0FEFEF5
:1082700070BD09F019FF0449012210312046FBF7B7
:10828000A1FA01F027FC0000440100200A0D4C5324
:108290004E3530204465766963650A0D00000000A4
:1082A000496D6167652056657273696F6E3A207615
:1082B000312E382E310A0D004C6F526157616E20FD
:1082C000537461636B3A2044522D4C57532D303018
:1082D000370A0D004672657175656E6379204261DB
:1082E0006E643A2000000000719900084C0D0020D7
:1082F00075990008119A000800000808506C656123
:108300007365207365742074686520706172616D97
:108310006574657273206F72207265736574204492
:10832000657669636520746F206170706C79206375
:1083300068616E67650A0D0070B52449244D86B0EA
:108340000020087029782E46283E012928D0214C8B
:10835000032121706060204600F0EAFF04202070B5
:10836000E8686060204600F0E3FF052020702846A2
:1083700028306060204600F0DBFF06202070284691
:1083800038306060204600F0D3FF0120207020715B
:10839000204600F0CDFFF0694069804706B070BD0F
:1083A000694608700A4801AD801C01900E300290A9
:1083B000083003907069C07808741ECD05481C38D9
:1083C0001EC0684601F0F8F8E8E70000A2000020AF
:1083D0006C010020580D00200EB501216846017087
:1083E00000F02AFF68460079012800D000200EBD69
:1083F000FEB50646002468462746047000F01CFFC0
:1084000068460079B04223D03100124E124D02D09E
:1084100002291DD10DE000281AD16846077100F02D
:1084200087FF002803D1F069816900200FE02C4606
:108430000EE0002800D02C460220694608716846EC
:1084400000F076FF0028F2D1F069816902208847A8
:108450002046FEBD44010020FFFFFFFFFEB506469B
:10846000FB48012444743279707931680AF09EFE29
:108470003568F74F28782037202876D00ADCF54970
:10848000030007F02CFA0B381A383830459FC7D252
:10849000F6F43800252869D008DC212867D0222886
:1084A0007ED023287DD0242825D179E1262879D0B3
:1084B000322878D03328F7D1FDE130790428F3D180
:1084C00068780104A87800020143E8780143E04895
:1084D0000629016501D2E04903E07D22D200447201
:1084E000514301637CE130790228DDD16878FF28AF
:1084F00002D0FE2803D0E1E1D548C47270E1D4492E
:1085000001224831D548FBF75DF9FBF703F9F3E7A2
:10851000CF48C4763079042805D0022830D0CC4921
:108520000020C876CAE168780228E4D2012802D087
:10853000002809D00FE0012009F072FF306881782F
:10854000B970C078787006E0A878B870E87878706C
:10855000002009F065FFFAF717FFBD480472317972
:108560000170BB490020543106E0AAE023E1B3E0EA
:108570003268125C0A54401C32798242F8DC9DE178
:108580006878012801D0002801D109F049FF0020B6
:1085900078700720B870FAF7F7FEAD48047203E070
:1085A000B2E0F2E011E127E131790170A849002041
:1085B000543103E03268125C0A54401C3279824222
:1085C000F8DC7BE13079042895D16878002892D1D5
:1085D000A878002804D001280AD0022812D06DE122
:1085E000E878032887D89E490870FBF7B7FAC9E0F6
:1085F000E878032896D89B490870FBF7EFFAC1E0AA
:108600009348EDE0E87803288CD897490870FBF789
:1086100025FBB7E03079032884D1A8786978000277
:108620000843924940BA0880ACE008780528A6D1F2
:108630003079022802D0042806D03FE1687801286A
:108640009DD10BF0BFFADBE76878022897D1E87874
:10865000A9780002084340BAF8F7A6F90022844B33
:10866000F8F7EEF8F8F746FA824908608AE01FE06A
:10867000FFE730790628A4D16878012802D00228C3
:108680000BD01BE1A81CF7F712FE00BA010A6879AB
:10869000090201436E480164A2E0A81CF7F707FE37
:1086A00000BA010A6879090201436948416497E008
:1086B0003079022815D16878421E082A11D808702E
:1086C00076E0307902280CD16878002801D00128A2
:1086D00007D109F099FE6BE03079022802D0032817
:1086E00006D0EBE06878052814D8594D6877DEE0AD
:1086F000687800280ED1A87801280BD8002800D06F
:1087000001205D4908703DE031790220022902D044
:1087100004290DD0D2E0697801295BD1694608703F
:1087200030684078002800D001200871084627E012
:108730006A78002A4ED1AD78694608703068407872
:10874000002800D001200871084600F0F1FD4B48D8
:108750000078012806D1052D01D9052502E0022D5A
:1087600000D2022568B209F073FE3068C078FF2895
:1087700008D01621684601703068C17868460171DA
:1087800000F0D6FDFAF700FE3AE73079022821D151
:10879000687800281ED00120285609F0B7FDF1E7BF
:1087A0003079022816D16878092813D209F076FCAE
:1087B000FAF7EAFDA0E6307902287FD16878002830
:1087C00001D001287AD12D4979E73079022802D0E9
:1087D000032807D072E0687801286FD11C4804771D
:1087E00004726BE0A87869780002084340BA002858
:1087F00064D0174D28855AE0307906285ED1687814
:10880000022801D212498877E878A9780002084343
:1088100040BA002801D00E4988856879297900027C
:10882000084340BA002801D009494885084DA87F6F
:10883000002829D0698D12484143124806F08AFB6E
:10884000104806F099FB09F0E5FD002824D02EE041
:10885000940000204B010020701700000000080861
:108860004C0100204D0100204E0100202C01002071
:10887000000024405C000020460100202A01002066
:1088800060EA0000A0080020544806F0ADFB534801
:10889000143006F0A9FB0AE0A98D514841434F4826
:1088A000143006F057FB4D48143006F065FBFAF71C
:1088B0006BFD2C7202E03079032804D04948407ADD
:1088C000012811D027E068783871A978F97000285C
:1088D00008D00F2801D90F203871012900D851E79D
:1088E000FC704FE73C71F8E7FAF74EFD3B483E4914
:1088F000643806F0C7FA3B4D3848296B643806F0F7
:1089000029FB3648643806F037FB34483C3806F01B
:1089100033FB0020687235A006F0A8FB0028FAD1CE
:1089200033A006F0A3FB0028FAD1307908281CD820
:108930002C48007A002818D0717931A006F096FBF7
:108940000028F9D1002507E03068415D2DA006F030
:108950008DFB0028F8D16D1C3079A842F4DC27A0EB
:1089600006F084FB0028FAD105E0317927A006F053
:108970007DFB0028F9D11B48417F002927D003291E
:1089800025D0164B017A983B002901D01C7001E0DC
:1089900000211970BC71002109E0BA79332A04D290
:1089A00035686D5C9D54521CBA71491CC9B232794C
:1089B0008A42F2D80021C1763279022A06D1326881
:1089C0001378262B02D15278012A03D08476002115
:1089D0000172FEBD41740176F9E70000A008002095
:1089E00060EA00009400002019A800080D0A0000A9
:1089F0005265636569766520646174610A0D0000E3
:108A000025643A0025303278200000004275666601
:108A100053697A653A25642C52756E2041542B5265
:108A2000454356423D3F20746F2073656520646561
:108A30007461696C0D0A0000F0B50446204885B0E9
:108A400000250E46057009F0B3F86F1E002827D1E7
:108A5000207904A900F0FEFE011E1A4805D06946DF
:108A60000D7002958D81007D14E0002E1BD0012138
:108A70006A46117063791371237993812268029297
:108A8000027B002A1AD010496A460978491CD17322
:108A9000007D11468873084600F038FB002800D09E
:108AA000384605B0F0BD69460D7062790A712279C9
:108AB0008A8121680291007D6946EBE76A46E6E714
:108AC000B4000020AC010020B600002010B50B4817
:108AD0000168002904D000F014F800F036F810BD49
:108AE0004068002804D000F013F800F02FF810BD03
:108AF00000F006F800F028F810BD00007402002015
:108B0000704710B501210020FCF738FC10BD0000B3
:108B100010B5EFF3108472B6FEF728FF08484068DE
:108B200080470AF0EDF9074801680422114301600B
:108B300084F3108801210846FCF738FC10BD0000C2
:108B4000683D0108007000407047704710B5EFF3B2
:108B5000108472B611480168012211430160016856
:108B60004907FCD501680122120611430160016822
:108B70008901FCD5C16803221143C160C16809079E
:108B8000890F0329FAD1FEF72BFF054800688047BB
:108B90000AF0D4F984F3108810BD000000100240E0
:108BA000683D0108EFF3108172B607480268002A99
:108BB00001D0002005E04068002801D0012000E03D
:108BC000022081F3108870477402002010B5EFF383
:108BD000108272B6064B00295C6803D0012903D1CC
:108BE000044300E084435C6082F3108810BD000001
:108BF0007402002010B5EFF3108272B6064B002904
:108C00001C6803D0012903D1044300E084431C60A5
:108C100082F3108810BD00007402002030B51FA040
:108C200087B0006805900AF0A1FF7D24012505A802
:108C3000E40000902B460022C421019502941848BC
:108C4000FCF708FA0AF092FF1649884224D203A8DA
:108C5000009001230F22C521019502941048FCF7D2
:108C60004DF904A8009001231022C521019502941A
:108C70000B48FCF743F96846007B01026846007C1C
:108C8000081880B2A100884202D9002007B030BD88
:108C90000A21484380B2F9E70348F7E704000000DF
:108CA000600500200F270000FFFF000030B521A065
:108CB00087B00068039020A0006804901FA000689F
:108CC0000590002006900AF051FF7D25012403A89D
:108CD000ED00009023460222C42102950194184819
:108CE000FCF7B8F90AF042FF04A80090012304221F
:108CF000C421029501941248FCF7ACF90AF036FF42
:108D000005A8009001231222C421029501940C4869
:108D1000FCF7A0F90AF02AFF06A8009001231C2204
:108D2000C421029501940648FCF794F90AF01EFF4D
:108D300007B030BD80000000080000000500000002
:108D400060050020F8B5174605460A461948069CF6
:108D5000089E0799447183711C0AC4711C0C04722B
:108D60001B0E437281720B0AC3720B0C0373090E44
:108D70004173D4B2C4731048F8F7E6FB39460E4885
:108D8000F8F7F2FB10220B490B48F8F7F5FB2246E7
:108D900029460948F8F7F0FB0749C81FFD38F8F7DE
:108DA00035FB064C601CF7F782FA21780002084375
:108DB0003060F8BD500200207816002074150020A5
:108DC000F8B50E46050017467ED028680028FBD06F
:108DD00068680028F8D0A8680028F5D0104603F08D
:108DE000E5FA002871D0784C0021E666A566224697
:108DF000A77624321170E176121F2164917001264A
:108E0000D6706177216661660F216A461170384617
:108E1000694603F0BAFA002800D00120A0770A21A1
:108E2000684601706946A07E03F0AFFA674D0621DF
:108E30002870684601706946A07E03F0A6FA687043
:108E40001021684601706946A07E03F09EFAE86032
:108E50001121684601706946A07E03F096FA2861E8
:108E60001221684601706946A07E03F08EFA68619F
:108E70001321684601706946A07E03F086FAA86156
:108E80001421684601706946A07E03F07EFAE8610D
:108E90001721684601706946A07E03F076FA2F46D6
:108EA000203778701821684601706946A07E03F06B
:108EB0006CFA68621921684601706946A07E03F069
:108EC00064FA38721E2101E079E07AE068460170A8
:108ED0006946A07E03F059FA38731F216846017075
:108EE0006946A07E03F051FA78732021684601702C
:108EF0006946A07E03F049FA286321216846017083
:108F00006946A07E03F041FA68630021A07E03F069
:108F100046FA3E700A2068600620287228460A2118
:108F20003838416006210172E968C1602969016130
:108F300069694161A9698161E969C161203006708F
:108F400003F0A4FA28462249383005F09BFF7D2122
:108F50002846C900383005F0FDFF28461D49683015
:108F600005F090FF28461C497C3005F08BFF284611
:108F70001A49903005F086FF28461949CC3005F093
:108F800081FF05F06DFFE063284616494C30016013
:108F90001549816015490161154941601549164D12
:108FA000C160A9688847E86980470AF045F92677D3
:108FB000296E30468847686B80470020F8BD032043
:108FC000F8BD0A20F8BD0000D80100204C14002094
:108FD0009D9B0008A5A70008B1A600082DA70008C2
:108FE000F19A000869A500082D9F0008A1A40008B7
:108FF0005DA6000801A50008683D0108F8B5044613
:109000001D4617460E460D48F8F79EFA39460B489E
:10901000F8F7AAFAF2B221460848F8F7ADFA07497C
:10902000C81FFD38F8F7F2F9054C601CF7F73FF957
:109030002178000208432860F8BD0000781600205F
:1090400074150020FFB585B00F46044607ADF02229
:1090500000211D480E9E09F01FFC1B4A10212046CE
:1090600007F0EAF810220021684609F015FC0121FA
:1090700068460170062239466C46401C09F0F4FB34
:1090800002222946E01D09F0EFFB0F4A68460899C5
:1090900007F0A7F810220021684609F0FDFB022125
:1090A0006846017006223946601C09F0DDFB022289
:1090B0002946E01D09F0D8FB034A3146684607F00F
:1090C00090F809B0F0BD000084150020F8B51746EF
:1090D0000E4605461C46F02200210B4809F0DCFB39
:1090E000094A1021384607F0A7F8074A21462846C2
:1090F00007F077F8102E06D321462846024A103191
:10910000103007F06EF8F8BD84150020F0B5044665
:1091100087B002200490002006460190002C79D0F0
:109120004248016CCA0701D1C80602D5012007B028
:10913000F0BD002069460872014614223C4809F03F
:10914000ABFB3B480121417038480175217800296B
:1091500004D001290AD0032926D118E00126C674BB
:109160006A46117AC906C90E403107E0E17BC17435
:109170006A46117A0126C906C90E80311172217919
:109180000191A16800910E25A78965570CE0012681
:10919000C6746A46117AE02211436A461172616808
:1091A00000910A2527896557022269460A752149D7
:1091B00006910A7B69468A751C4805A9807E03F0E2
:1091C000E4F8A84200D3054668B2002E1FD0174D20
:1091D000E97A002910D16946087306980522007BB8
:1091E000887303A9A87E03F046F9002812D011491C
:1091F0006846007B203948703B4602A8009A0199D6
:1092000005F076FB0490002806D00020287304980F
:109210008DE7FFE703208AE70548217801700348BE
:1092200001222430017811430170F0E7D8010020B9
:109230004415002034140020F8B500250446002809
:1092400018D03949277837480E463836827E3B0099
:1092500006F045FB1E121417191B1E202325272973
:10926000303B394246484A4C4E50525654585A5C4C
:109270005E6062640320F8BDC07E00E0807A2071E9
:109280004DE0C07AFBE7806D00E0C06D606046E0B5
:109290002648FBE725481030F8E7007FEFE7407FDE
:1092A000EDE71D2012E020492039486C896CA1604F
:1092B000606034E01C49203908467C30C96F406842
:1092C0006160A0602BE01B2000E01A206946087056
:1092D000104603F05AF8D9E7134820300078CEE75B
:1092E000C868D3E70869D1E74869CFE78869CDE75F
:1092F000C869CBE77078C2E74878C0E73078BEE746
:109300000878BCE7006BC1E7406BBFE7C06ABDE708
:109310004868BBE7087AB2E7486BB7E702252846FA
:10932000F8BD0000D801002014140020F410002023
:10933000F0B5002489B00746002806D09A4D286C65
:10934000C00704D0012009B0F0BD0320FBE7984E10
:109350003A78304620300290407B039092489349FF
:10936000807E130006F0BBFA1E102124272A2D331D
:109370003C41F044839A96A6ADB0B3B6B9BCCCF1EB
:10938000D9EEEDF0ECEBEAF03879E876002804D07D
:10939000012804D0022802D102E0486B804701E195
:1093A0000020287301F0C2F9FCE03879A872F9E0D6
:1093B0003879E872F6E07868A865F3E07868E865DF
:1093C000F0E07968002974D010227A4805E07968C5
:1093D00000296ED077481022103009F045FAE1E0FC
:1093E00038792877096E8847DCE038796877D9E0E2
:1093F000397A6A46117103995171072201A903F064
:109400003AF800287BD06A49BA68203978688A64BB
:109410004864E87E022827D1A87A002824D0644F27
:109420000298F037009708214156327A7368A87E77
:1094300002F095FFE87F3870706A786002983A46CB
:10944000407B3874687F78740120F874B8742C32CB
:109450003946A87E02F0D7FF002806D0B87CF16814
:1094600003F0A0F8F87CA8759CE00C249AE0397A07
:109470006A46117103995171072201A902F0FBFF9D
:10948000002859D04A48BB6820387A688021C267D2
:109490000B5087E079680691012102E07968069116
:1094A00000216A46117706A902F03DFD002843D04D
:1094B00078E041E03879411E0E293DD802990870C4
:1094C00070E07868F0606DE0786830616AE0786834
:1094D000706167E07868B06164E07868F06161E0CD
:1094E00039796A461171062201A902F0C4FF0028E9
:1094F00022D0684601792E483830417052E039E078
:1095000039796A461171052201A902F0B4FF0028D9
:1095100030D068460079707044E039796A4611713C
:109520000A2201A902F0A7FF002805D068460179A8
:109530001F483830017035E0032433E02EE027E087
:1095400020E01CE018E000E02BE039796A46117158
:10955000092201A902F08FFF002802D06846007995
:1095600006E0694604200856014628390A2901D830
:10957000307017E00B2415E07868286312E07868F3
:1095800068630FE00A48796838304160716009E02B
:109590000748397938300172317203E078687063B6
:1095A00000E002242046CEE6D8010020683D0108F4
:1095B00014140020F4100020F0B5022585B00446F4
:1095C000002861D06148006CC00717D10C2200212F
:1095D0005F4809F061F95E4901264E705B4F2078C3
:1095E0002437002806D001287DD002287CD003280B
:1095F0007BD19FE0554D286CC00602D5012005B0F7
:10960000F0BD54480178002905D0002101700221E5
:10961000A87E02F0C4FE1A20694608704B48807E7E
:1096200002F0B3FE002284461146334600204E006D
:109630006546AE5B1D4685402E4201D0521CD2B21B
:10964000401CC0B21028F5D3491CC9B20429EDD979
:10965000002A00D022743D4D207C68702B70616818
:10966000002911D0A16800290ED0E16800290BD093
:10967000002809D069460873222203A9A87E02F0B7
:10968000FAFE002802D008E00320B8E7232069464C
:109690000870A87E02F079FE20743878082108430B
:1096A00038702B48217801706068E864A0682865EC
:1096B000E0686865207C254C69462034E070002015
:1096C000A070087102F0E2FEA0786946401C088193
:1096D00002A9A87E02F003FC1F49002348701A4625
:1096E000194601A802E00EE01AE003E005F000F9D7
:1096F000050006D01549002008733878F721084086
:10970000387028467BE738780821084338701048BD
:1097100021780170002211460220F7F78DFFE7E75C
:109720000B4908703878082108433870A08805F084
:109730001FFADDE7064908703878082108433870B9
:10974000227BA088A16805F03DFAD1E7D80100206E
:1097500058150020AA00002014140020FEB508AF00
:1097600070CF6F4670C700F001F8FEBDFFB5074629
:10977000354881B000780C46012825D00026012507
:10978000F0223146314809F087F8304A1021039819
:1097900006F052FD2E480A9941710499817104998D
:1097A000090AC1710499090C01720499090E4172E8
:1097B0000B9981720B99090AC1720B99090C0173FB
:1097C0000B99090E417324E0002004E00C993A5CE7
:1097D0000A54401CC0B2A042F8D305B0F0BD1C48EA
:1097E0001A4AC5736D1C1146ADB2203906F0F9FC5A
:1097F0000020164B3118203B1B5C7A5C401C5A4001
:109800000C9B80B25A541028F3D3103C1036A4B2EB
:10981000F6B2102CE3D2002CDFD00C4A0C481146D3
:10982000C573203906F0DDFC08490020203907E027
:109830003218BB5C0D5C6B400C9D401CAB5480B27D
:10984000A042F5D3C9E700004401002084150020A0
:1098500060020020F3B52F4889B00F464278694670
:109860000A7100782C4C0876E07B217C4018C6B247
:10987000002F35D0002568460572E17A4172A06B51
:109880002449039038394A7868460274097841744B
:10989000204806AB18380890017B68468174204642
:1098A0003830009001AA02A9A07E02F009FB0898B6
:1098B000017B68468175017941750D210175607FD5
:1098C000002802D00E206946087505A9A07E02F086
:1098D0005CFDC0B27870B04205D3801B387006E0E2
:1098E00003200BB0F0BD3870E57300262574684680
:1098F000042141563246099805F008FF002805D199
:1099000006480078002803D0E57325740020E8E7B6
:109910000820E6E74C140020D80100204601002072
:1099200038B504466846054D04700F226946A87E86
:1099300002F0A1FD002800D0AC7738BDD80100208E
:10994000FF220132811A90420CD009DC08280DD088
:1099500008DC012808D0022806D0042802D105E03E
:109960000F2212020720704705207047062070471B
:10997000704700007CB504461F4900201F4D087049
:109980001F4E287030706078002817D108F010F949
:10999000002801D008F0FAF8607B01280ED1E278A7
:1099A000E02A07D0237801211648002B07D0012B8D
:1099B0000AD00FE01449204608F000F97CBD007879
:1099C000012807D1297005E00078022801D0042879
:1099D00000D1317068464271217B0171A06800900E
:1099E0000A48E1890181217C81726838C069016976
:1099F000684688477CBD0000AA000020A80000201F
:109A0000A9000020B10000203C0D0020AC01002086
:109A100010B50446007800280CD0012809D16078E0
:109A2000002806D108F0C4F8002802D0204608F02B
:109A3000B5F810BD6078002803D0044901200870F3
:109A400010BD0348C0694069804710BDA7000020D1
:109A500044010020704700008307FF22DB0E9A407C
:109A60008907090E994000280BDA0007000F083813
:109A7000830808489B001818C36993430B43C361CC
:109A80007047830804489B001B18186890430843DC
:109A90001860704700ED00E000E400E0BFF34F8F76
:109AA00004490348C860BFF34F8F00BFFDE70000C3
:109AB0000400FA0500ED00E0BFF34F8F04490348AE
:109AC000C860BFF34F8F00BFFDE700000400FA0538
:109AD00000ED00E0BFF34F8F04490348C860BFF3B7
:109AE0004F8F00BFFDE700000400FA0500ED00E025
:109AF00010B50B4805F078FA0A48017B002905D01B
:109B000001214175016C042291430164C07E022849
:109B100005D104481022243001781143017010BD92
:109B200018150020D801002010B504A005F09EFAF9
:109B30000028FAD108F02CF910BD00004F6E204328
:109B40006572746966207478206E6578742070611F
:109B5000636B65740D00000010B508F04FFC012820
:109B600001D103498875034805F03EFA10BD000095
:109B700094000020A008002010B50549054805F014
:109B8000E9F9044805F0F8F903490120087310BD0C
:109B9000504600006408002094000020F0B585B015
:109BA0000026D14805F020FAD048D14C0078C106F3
:109BB0007ED5216C4A0604D54022914349084900CC
:109BC0002164C9490207D4310025002A01DBC207FC
:109BD00011D0C54AC0325378022B02D04B78022BE9
:109BE00009D1236C5B085B002364E573237D53710B
:109BF000157101269560227BBB4F3243503F002AEE
:109C000072D1BA4E020702D4C10703D16CE00A78C0
:109C1000002A06D03978627C914213D9800717D484
:109C200022E0B24A121F93788B724978002906D03D
:109C3000D1788B4213D2EF210840307052E0256377
:109C400065740CE0800703D4E573A06B401CA0632F
:109C50006574207A002802D1206B401C2063206CA0
:109C60004008400020643FE0A2480078012834D139
:109C7000207A002831D1206B9F4E401C2063049530
:109C8000B071010AF171E17D002940D0617E00953B
:109C90007118029101903246E36D103A217EA06C5A
:109CA000FFF764FD216B04A800950191029000E08C
:109CB000AEE0E08C904A001F81B2203A8E48E36DFE
:109CC000FFF740F8E18C0498711820390877020AF0
:109CD0004A77020C8A77000EC8778448EF22017811
:109CE0001140017000F05EFD80480078800722D5A9
:109CF0007D48C0300179012903D0217DE27C914269
:109D000019D965752573217A00290AD00CE0E5730D
:109D1000617E794A7118009502910190203AE36DB5
:109D2000BCE7216B491C2163217D4171206C4008F7
:109D30004000206491E0607D002869D0206CC0065E
:109D400066D46575207DE17C884273D2082871D87D
:109D5000401C207569480078012833D1207A0028FA
:109D600002D1206B401C20630495634E206BB071C0
:109D7000010AF171E17D00294BD0617E00957118D7
:109D8000029101903246E36D103A217EA06CFFF7FC
:109D9000EDFC216B04A8009501910290E08C564ADD
:109DA000001F81B2203A5448E36DFEF7CBFFE18CEF
:109DB0000498711820390877020A4A77020C8A77CA
:109DC000000EC877207D4E4EC0070BD02421684678
:109DD0000173397B81737178417303A9A07E02F00E
:109DE000D4FA707004F052F900281CD03E480921C2
:109DF000C0304170E573216C490849002164257326
:109E00000571217D417171788170207A002821D0FF
:109E100023E0E573617E384A711800950291019044
:109E2000203AE36DB1E73148EF220178114001702B
:109E300013E0FFE70121A07E02F0B1FA206C400898
:109E4000400020642848E5732573C0300571217DEA
:109E50004171DAE7206B401C2063206C810702D53A
:109E600002218843206400280FD07D21C9001E48AC
:109E700005F070F81C4805F07FF81C4D2878800725
:109E80002FD5E07E02281ED01FE0184D2878C0078D
:109E900008D0A06E01681448C03088472878400870
:109EA000400028702878000708D5A06E81680E4809
:109EB000D43088472878F721084028702878EF2187
:109EC00008402870D9E700F031FC2878400704D416
:109ED000A06E41680448A83088472878F9210840D6
:109EE000287005B0F0BD000084140020FC010020A3
:109EF000D8010020B700002014110020B500002078
:109F00001414002010B5074805F06EF8FF21052055
:109F1000002201310007FAF74AFE034900200874C5
:109F200010BD00008C08002094000020FFB50646FC
:109F3000002097B00C4601461190099005460B9001
:109F4000FE48079010300D90002013901290FC48AE
:109F500001711838C2811A9A0274FA4A927D4274C9
:109F6000C17081704171816001734173817441617D
:109F70000170F548406B8047F148683805F034F8C7
:109F80003078694608704109601E0290201FEF4F2B
:109F900014911090012919D003297DD00529FCD0F6
:109FA00007297AD038460124F830447000F034FE96
:109FB000E4484471E348E24A017B1379C47E027DA0
:109FC000C07C00296AD0002B69D14DE2DD48807A3F
:109FD000002809D0DA4801241838447000F01CFE2B
:109FE000D84844711BB0F0BD0298D94D81B2D54814
:109FF0006B1C426D701CFFF769F86846007828708A
:10A00000109809AB81B2CF48426D2846FEF7F6FFA3
:10A0100028192038417F027F09021143827FC07FC7
:10A0200012040A43000609991043884255D1C348D7
:10A03000C44E10300090C14B328D691C706DFFF71B
:10A0400001F86879297900020843A97909040143D4
:10A05000B165297AE87909020143687A0004084366
:10A06000A97A09060143F165E87A4106490F00071C
:10A070007970000F3872287BB64D0007000F2861F9
:10A0800001D1012028617D21C90048432861401881
:10A090006861AF480D3003E024E0CCE1E1E1E5E1A7
:10A0A00004906846113C047507F0F2FF002803D1C4
:10A0B00004A9B07E01F01CFFA149002014314870B2
:10A0C0000120B072F07A002803D0A0481830407800
:10A0D00001E008F0B7F968706CE79948072114307F
:10A0E000417067E7797B684681739548954F1838CA
:10A0F0000179684641730D210173787F002802D0F1
:10A100000E206946087303A9B87E02F03EF9214685
:10A110000D3909B2002900DA0021814207D98848A7
:10A1200001241838447000F077FD7C715AE7B1784B
:10A13000707809020143F078824A000408433179BB
:10A14000090601430691D26D0520914219D07D4F39
:10A15000FD6A0BE02A688A4207D101211391291D6B
:10A16000079110310D916F6A0DE0AD6A002DF1D1AC
:10A1700073480B211838417000F04EFD01207871B2
:10A1800030E770494F6B325C69460A70401C0C9294
:10A19000335C401C305C01021007000F08300A904D
:10A1A000301919432038037F0B9A1343427F120260
:10A1B0001A43837FC07F1B041343000618430B9090
:10A1C000C81B80B20122D20309A90E9090421AD274
:10A1D0003F1801200197009002911098069B81B2D0
:10A1E0003046079AFEF7AEFD09990B98884202D1D6
:10A1F000012012901FE058480078002828D05148CC
:10A200000021416335E000B20122381812048018A1
:10A2100015900190029110980122009281B230466F
:10A22000069B079AFEF78EFD09990B98884207D185
:10A230000120159F129048480078002808D018E0A7
:10A2400045480078002803D03E490020486310E0CC
:10A250001520694608733B4803A9807E02F095F8F3
:10A260000E99884205D836480A211838417047614E
:10A2700025E01298002873D0384901200870304931
:10A28000002018394870139A8A700C9A2C4BD20609
:10A29000D20F4A71886008734F612A4958708863E9
:10A2A00008741399002912D01946022218390A702D
:10A2B0006A6ABA4209D1002A07D00820487000F023
:10A2C000ABFC2049012048718CE66F6222E01499B2
:10A2D000052910D01B4D1A496873183908706A6B2C
:10A2E000BA4215D1002A13D00820487000F094FC1F
:10A2F0000120687176E61349114D01224A73183D19
:10A300002A70496BB94203D1002901D00121119172
:10A310000C494F630A490978012941D00949C8739A
:10A320000A99611A091F00296ADD0A9D0A996D1CA4
:10A33000621B121F715CD2B2014C12E0F4100020BB
:10A3400044150020D8010020683D01083414002085
:10A35000131200201414002045010020B300002037
:10A3600064E0183C0E92E170002928D00C98000798
:10A3700007D01A980821C3B2681EC2B2304600F056
:10A380006BFC444801210197009102907019069BD3
:10A390000D9A0E99FFF7E2F91198002829D039E0BB
:10A3A0000C998906BCD53C493C4BC8730C9A920663
:10A3B000D20F1A71183B9A7401228A70B0E70C9977
:10A3C000090705D00121119134490871A07421E0D9
:10A3D000304801210290019700917019069B079A5D
:10A3E0000E99FFF7BBF91A980021C3B229480E9ABB
:10A3F0000EE02848A0600E9820730120607309E0E9
:10A400000C98000706D01A980821C3B230460A9A61
:10A4100000F022FC20490222243108781043FB225C
:10A420001040119A920010430870C3E51B480C219C
:10A430001838417043E7711C2246164808F014FA98
:10A4400016480321183801700021417011498160BC
:10A4500002990173104802222430017811430170DF
:10A46000A8E5022C02D005E0824203D90B482C3823
:10A4700004F0BAFD0848102224300178114301701D
:10A4800006480121C03804F065FD0448C03804F0D6
:10A4900073FDA7E513120020D80100204415002009
:10A4A00070B5144CE07E022803D01348406B8047FF
:10A4B00001E000F03BF911480E4DA27D0146243524
:10A4C00010261431237B002A05D00622002B00D051
:10A4D00042704A700AE00522002B00D042704A7098
:10A4E000206E04F0C3FC616F884202D328783043A9
:10A4F000287070BDD8010020683D01084415002077
:10A5000070B5164CE07E022803D01548406B80479A
:10A5100001E000F00BF91348104DA27D01462435EF
:10A5200010261431237B002A08D00422002B00D0EF
:10A5300042704A70E07E02280BD170BD0322002BCE
:10A5400000D042704A70206E04F090FC616F884227
:10A55000F3D328783043287070BD0000D801002064
:10A56000683D010844150020FEB504F079FC384C24
:10A570000646E07E022803D03648406B804701E063
:10A5800000F0D4F8324D607A2435002700282AD014
:10A590003148216F04F0DEFC2F4804F0EDFCE07E32
:10A5A00002280ED02C48616F143004F0D3FC2A48E6
:10A5B000143004F0E1FCE07E022802D0207B002869
:10A5C00020D016206946087202A9A07E01F0DDFEA7
:10A5D000616F41182048503004F0BCFC1E485030D8
:10A5E00004F0CAFC0EE01C4804217C304770143093
:10A5F00041702878002801D101202870C0B21021B4
:10A60000084328702878010711482030002904DA0F
:10A61000114990310978002916D04770E17F017007
:10A6200068460170A17A417001966946A07E01F0EA
:10A63000FEFE2666207B002805D107487C30477047
:10A64000607C401C6074FEBD01214170E6E70000A3
:10A65000D8010020683D0108C814002010B50B483F
:10A66000C07E022803D00A48406B804701E000F01A
:10A670005DF80849022048701431487003481022E0
:10A68000243001781143017010BD0000D801002072
:10A69000683D01084415002010B5034804F0A4FCEF
:10A6A00002490120887410BD780800209400002021
:10A6B00070B5194804F098FC184D0021164CA97586
:10A6C000E87F283420702046BC384278E270407B16
:10A6D0002074687F6074A1741148E1740178114896
:10A6E000002905D00078A060E87E022803D005E0AC
:10A6F000217A0170F8E70C48806B8047064AA87EF3
:10A7000068321146403901F07EFE0348B438C16812
:10A71000A07C01F047FF70BDC8140020D8010020C4
:10A720002701002026010020683D010870B5194866
:10A7300004F05AFC174D184C2835E07F2E4628703F
:10A74000F03E706A68602846D038407B2874607F8D
:10A75000687401201149E8740A781149002A16D05A
:10A760000978A960E17E022900D00020094AA87476
:10A77000543211462C39A07E01F045FE002805D048
:10A78000A87CF16801F00EFFE87CA07570BD2A7A04
:10A790000A70E7E7DC140020D8010020290100201E
:10A7A000280100201FB51A4804F01EFC194C102186
:10A7B000206C88432064204624300078000723D58D
:10A7C0001348A430007800281ED101F05FFE204617
:10A7D000203080786946401C888103A9A07E01F062
:10A7E0007EFB0B49A0394870002069460871E17A68
:10A7F0000246C9010A4369460A72034602460090AE
:10A8000002A901A800F0B4F803F040FC1FBD00004D
:10A81000B4140020D801002010B50B4C0B48216B5C
:10A8200004F098FB094804F0A7FB01206076084873
:10A830000068C10701D1C00604D503482030017863
:10A84000491C017010BD0000940000203C0800204D
:10A850001802002010B52A4CA07A002808D0012840
:10A860004CD1284804F0C0FBA07F01280BD034E075
:10A87000FF21F531234804F06DFB224804F07CFBF6
:10A88000A07A401C39E007F0C5FD002812D11D4810
:10A890001D49643004F0F6FAA18D1C484143194863
:10A8A000643004F057FB1748643004F065FB052062
:10A8B000F9F7CFFF13481649503004F0E3FA618DE1
:10A8C000124841430F48503004F044FB0D485030CB
:10A8D00004F052FB0520F9F7BCFF0A480D49143873
:10A8E00004F0D0FA0748216B143804F033FBFFF76B
:10A8F00093FF0520F9F7ADFF0020A07210BD000006
:10A900009400002050080020F5F6000860EA0000DE
:10A91000599B000819A80008F0B5064600242046F7
:10A92000002E01D0002A1ED10020F0BD355DAF1EE3
:10A930003B0004F0D4FF091614160612140E160676
:10A940001600641C1554E4B2401CC0B2335D1354AD
:10A9500000E01554401CC0B203E0A41C00E0641CDD
:10A96000E4B2641CE4B28C42E0D3F0BD7047000056
:10A97000F0B50C4687B084460021A0480C9D069196
:10A98000C1841E1E1746017300D10025EAB2C271B0
:10A9900061469B4D09782970012100916146097833
:10A9A000490908D0022941D004293DD007297DD08A
:10A9B000022007B0F0BD00990446C184681C08223B
:10A9C000216D07F05CFFE08C0822083080B2E08443
:10A9D0002818E16C07F053FFE08C0830E0848948C8
:10A9E000C069804701462085E08C06AB2954401C95
:10A9F00080B2090A2954401CE084C1B28048626DCB
:10AA0000FEF7FCFAE18C06986854491C89B2020AE8
:10AA10006A54491C020C89B26A54491C89B2000E5E
:10AA20006854491CE184E6E001210173817A002920
:10AA300069D0012269460A7321787048CA096946BB
:10AA40004A73714A806B0490507808751078487585
:10AA500010462030007B88756848134638300090D7
:10AA6000383803A9807E521C01F02AFA810120782F
:10AA7000BF221040084361492070497B002905D05E
:10AA80005E4A002151732021084320705B48C16D4C
:10AA90005B480A0A417082700A0CC270090E01718B
:10AAA000217841715549098E817100E097E0090ACA
:10AAB000C1715249FF30C97BFF3040184F4908250A
:10AAC0000A7C5149823907F0CFFE4C48C17B007C9B
:10AAD0000818C1B24948002EC1731FD0C279002A9C
:10AAE0001CD0827B002A22D00F291DD82278100981
:10AAF000521800011207120F10432070404A434CB5
:10AB00005071002007E0072053E7235C53556D1C6C
:10AB1000401CEDB280B28842F7D308E037480029E4
:10AB200005D0827B002A02D0384EC1710027334CF9
:10AB30000020364AA07380323448FFF7EDFE2074BF
:10AB4000002801D00120A073002E14D0E179002943
:10AB500011D02B4A57556D1CEDB2002F14D050194F
:10AB6000236B0022009201930290254AE36D103A74
:10AB70003046FEF7FBFD2648007801280FD0254817
:10AB8000007801280BD00FE00020E073236B5219EE
:10AB900002921B4A01930090203AE36DE8E7E775C3
:10ABA000E07920766576A664E07906AB2918E18421
:10ABB00000206E46226B0DC6114A1148203AE36D03
:10ABC000FEF7C0F80E4AE08C069911540B0A1218D1
:10ABD00053700B0C090E9370D170001D0AE0002B0E
:10ABE00009D00446002A06D0681C314607F03CFE16
:10ABF000E079401CE0840020DBE60000D801002062
:10AC000014110020683D01081414002012130020C4
:10AC1000B7000020B500002010B50D484022016C9F
:10AC2000114301640021C173007B002801D0FEF7AD
:10AC30005FFF074912222431087810430870012170
:10AC4000044804F087F9034804F096F910BD0000A9
:10AC5000D801002084140020FFB593B000200D908F
:10AC6000F9480C460C90EAE11398005D641C801EC4
:10AC7000E4B2030004F033FE090616FDFCFBFAF90A
:10AC8000F8F7F600F14901200870F14900204870FA
:10AC90001398005D0872641C139AE0B2125C4A7249
:10ACA000401CE8E0002008A9087108726946087590
:10ACB00008A908730D980028D5D101200D9013988C
:10ACC000E44D0019401E02901598DF4E011B6846A6
:10ACD000491C0173E97A81730C98203E017B684618
:10ACE00041737178C173317801740C980AAB0178A3
:10ACF000684641740BA905A80191009009AA02A910
:10AD0000A87E01F057FB0E90C04340076ED1CF499B
:10AD10000120087008A80079707008A8007A3070C7
:10AD20006846017DCC480078814201D969460875A2
:10AD30006846017D0C980170C8A004F097F90028BE
:10AD4000FAD1C748007800286ED0C6A004F08EF96A
:10AD50000028FAD1BF488079012835D1BD490020AB
:10AD60008871C4A004F082F90028FAD10C20694649
:10AD7000087606A8FEF760FA002707987E00805D37
:10AD8000C0430006000E07D13D01EA1D2946BCA0C4
:10AD900004F06CF90028F8D10798805B000AFF28BE
:10ADA0000AD13D012E460F36083532462946B4A059
:10ADB00004F05CF90028F8D17F1C062FDDDBA7A08A
:10ADC00004F054F90028FAD1A24DE87800280ED0FA
:10ADD00008A804214156ADA004F048F90028F7D195
:10ADE0009EA004F043F90028FAD1E87026E008A8F4
:10ADF00004214156B4A004F039F90028F7D108A87D
:10AE000008214156B7A004F031F90028F7D168466F
:10AE1000017DBAA004F02AF90028F8D18FA004F02F
:10AE200025F90028FAD109E0BAA004F01FF900289A
:10AE3000FAD18AA004F01AF90028FAD1002506E018
:10AE4000002203200E99F6F7F7FB6D1CEDB208A85F
:10AE50000521007BF5F74CF9A842F1D808A8007B42
:10AE6000201807E064E165E1B6E09BE063E052E0B2
:10AE700012E002E0401EC4B2E1E074490120087013
:10AE80001399744A095D641C9174884050850022AE
:10AE9000E4B211460420D0E01398005D4006410F53
:10AEA000684641701398005D641C0107090F6846ED
:10AEB00001701399E0B2095C401C139AC0B2019171
:10AEC000125C401C12021143139AC0B20191125C31
:10AED000401C12041143C4B2084664214843019047
:10AEE0005C486946807E01F099FA0146C8434007F4
:10AEF0000ED1564A01201070684602780C980272F2
:10AF00005148019A20384262684642780C98427053
:10AF10000022052091E04D49012008704D48FE2196
:10AF2000C06E002804D00068002801D08047014688
:10AF30000620169A81E04549012008701398694659
:10AF4000005D087102A90091641C1399E0B2095CCC
:10AF5000401C139AC0B20291125C401C12021143B1
:10AF6000139AC0B20291125C401C12041143642275
:10AF700051430291002103911399C0B20A5C6946C2
:10AF8000401C03250A74C4B207F076F8002805D1E6
:10AF900030486946807E01F01EFA054600222946A7
:10AFA00007204AE02949012008701398005D641CBD
:10AFB0000007000FE4B2002800D101207D21C90064
:10AFC000484321497D222039D2000861801800229F
:10AFD00048611146082030E013980021005D6A4660
:10AFE000641C11705170E4B2810601D501215170C9
:10AFF000C10601D5012111700007000F907015489E
:10B000001146807E01F02EFA401C18D00F49012015
:10B010000870684601780C980173684641780C986E
:10B020004173684680784149085CF5F7A2FC0649FF
:10B0300000222039086311460920F6F7FDFA159819
:10B04000844275D210E673E034140020AC00002076
:10B0500058150020D8010020B80000200D0A00007B
:10B0600024010020414452204D6573736167653AA5
:10B070000D0A00004368616E6E656C2069732000E4
:10B08000434825645F256420000000005458204494
:10B090006174617261746520746F6F20736D616C8F
:10B0A0006C20666F722074686973207061796C6FB0
:10B0B00061642073697A652C206368616E6765201E
:10B0C000746F2025640D0A00545820446174617225
:10B0D000617465206368616E676520746F20256404
:10B0E0000D0A00005478506F776572206368616EB6
:10B0F000676520746F2025640D0A00004E6252655A
:10B1000070206368616E676520746F2025640D0A86
:10B110000000000052656365697665643A20414429
:10B1200052204D6573736167650D0A00A6440108DE
:10B1300017B0F0BD13490120087013986946005DEF
:10B140000870641C1399E0B2095C401C139AC0B2E9
:10B150000191125C401C12021143139AC0B201917A
:10B16000125C401C12041143C4B2084664214843D7
:10B17000019005486946807E01F0FEF800220146F4
:10B180000A205AE7AC000020D801002070B517490A
:10B190000023CA681206120F18D18A6B154CD5000D
:10B1A000134A02D51268224009E08E6B01252D0753
:10B1B0002E438E6312688E6B2240AE438E63A24292
:10B1C00004D103218903884200D101230A48016880
:10B1D00049084900194301600068C007C00F984240
:10B1E00001D0012070BD002070BD000000100240A1
:10B1F00000700040001800000020024010B508F068
:10B200003FFC10BD01090A2200075143000F4018FE
:10B21000C0B27047002102E00A38C0B2491C0A28B7
:10B22000FAD20907090E0843704770B50446006852
:10B23000C168490613D40021C943C160F9F7BEFCB7
:10B240007D260546F60006E0F9F7B8FC401BB04243
:10B2500001D9032070BD2068C0684006F4D50020E5
:10B2600070BD10B5FCF70CFA10BDF8B50F461646C8
:10B27000082109254156455742681A604278002442
:10B28000012A1DD100290BD04268402A01D3012494
:10B290000025602A14D3D206D20E012A03D00FE073
:10B2A000002018600CE024236A4613705170807AE5
:10B2B0009070684600F00EF941B2002900D10024D8
:10B2C000397035702046F8BD10B500880921F4F7B3
:10B2D0000FFF002901D0022010BD062010BD000084
:10B2E000FEB50179374D102948D00020364A00902C
:10B2F0000190029012780146402A02D2D008401CE8
:10B3000005E01346403B082B01D23F3AD0B2C207BA
:10B3100001D0002300E00823421E012A0FD9C11EDC
:10B32000012901D801210AE0411F012901D8022188
:10B3300005E0C01F012801D8032100E00521FF20FE
:10B34000984049006C4660520120904020811D4881
:10B35000214606220C3000F030FE1A4906220C313C
:10B360000846183800F029FE002041006A5A635A46
:10B37000401C1A406A520628F7DBFEBD0168C97BF3
:10B380000129FAD100220F4914460C390368661CC2
:10B390001D5D5300CD520768BE5D36023543CD5268
:10B3A000042A01D10D7A0D81064DCE5AEF5A521C56
:10B3B0003740EF520C35A41CD2B2EE52E4B2042A4C
:10B3C000E4D9FEBDD0100020C40100200620414376
:10B3D000034808188056002800DA0020C0B27047E1
:10B3E0004044010800B585B00A4900910A4901911D
:10B3F000427869460A7202784A7282788A72C27802
:10B40000CA724168039180680490684600F094FD18
:10B4100005B000BD640D0020C801002070B50446D1
:10B4200000680422002100F09BFE012804D020794E
:10B43000002803D0012814D0002070BD06220D483A
:10B44000216800F0BAFD0B4B002019460C31420078
:10B450008C5A9D5A401C2C40C0B28C520628F6D300
:10B4600005E0044806222430216800F0A6FD0120F2
:10B4700070BD0000C4100020FFB583B01C46154607
:10B480000D2800DB0D206070F8F7E0FCA0700120B3
:10B4900020560D4A81005158103A105C00F014FEFD
:10B4A00006460A480F46406E804721460C31083454
:10B4B000029100902B46019430463946049A00F0E0
:10B4C000BBFD07B0F0BD000000440108683D010865
:10B4D00000207047F8B502463A4B17787D211D7859
:10B4E000002002240826C9003B0004F0F8F9251FBB
:10B4F00014181F1F1F1C1F1F1F1F1F1F2B381F412A
:10B500004345484A4C4F1F56585A5C5F61631F675A
:10B51000691E1E201F00D078002840D005E09178D9
:10B52000002903D001E0002D00D02046F8BD90781E
:10B5300000282548105603D00221F8F701FDF8BD78
:10B540000021FAE79078002803D0012010561F4907
:10B550000CE001211D4851560E38405CF8BD907832
:10B560000028F6D00120194910560E31085CF8BDAC
:10B570001748F8BD0846F8BD7D200001F8BD154804
:10B58000F8BD1548F8BD01208003F8BD134807F049
:10B5900011FD7D2109014018F8BD1148F8BD304664
:10B5A000F8BD1048F8BD0F482430F8BD4820F8BD5C
:10B5B0000D48F8BD012DFCD10120F8BD0B48F8BDA8
:10B5C0000B48F8BD2A010020010000008844010852
:10B5D000B80B0000881300007017000018FCFFFF74
:10B5E000A0700837C4100020640D00200000F04156
:10B5F0009A990940F8B5054606F03EFD0124002D54
:10B6000027D0012D6FD0022D22D100224D4E1146A0
:10B6100000204B00F55A234683401D4201D0521CA6
:10B62000D2B2401CC0B21028F5D3491CC9B20429BB
:10B63000EED9002A73D0434906224248183800F058
:10B64000BCFC40490622183908460C3000F0B5FC15
:10B65000F8BD00253C492A464D703C49502600283B
:10B660002ED00C235343C85013460C277B435B1842
:10B67000521C1E72D2B25D72402AF0D34020344F69
:10B680006623344A4243D6190C2242438E50521844
:10B69000401C1372C0B255724828F2D3294E0220C2
:10B6A0000C3635807580B580F5803081758106F067
:10B6B000EFFCC7B206F0ECFCC00709D0002308E09D
:10B6C000254B264F5343DB190C275743CB51CBE770
:10B6D0000823791E012901D8002010E0F81E012856
:10B6E00002D801200BE01EE0781F012801D80220BB
:10B6F00005E0FF1F012F01D8032000E00520FF22F5
:10B7000017469F4043008C40F7523481052806D1EC
:10B71000134830807080B080F08032817581094993
:10B7200006220C3189E7074B0020183B19460C31E3
:10B7300042008C5A9D5A401C2C40C0B28C520628A4
:10B74000F6D3F8BDDC100020C4010020640D0020F9
:10B7500060067D30006A1800400D030000D88C366A
:10B76000FFFF0000FFB595B00025044607200C95AB
:10B7700011900A950B9506227F490AA800F01DFC3E
:10B7800017E020686946401900F062FD002813D0D8
:10B790002818C5B2072011906846C07806284ED0F8
:10B7A00007284ED0052856D06946420089880AA845
:10B7B00081522079A842E4D869460120085606281B
:10B7C0000ADA042200210AA800F0CAFC022803D2E7
:10B7D0001198400840001190022108A80171617978
:10B7E000817109A8FFF776FE01466846119A027238
:10B7F000A2794272427882728278C27202780273AF
:10B80000E2794273227A8273627AC27348220274A6
:10B810000AA80590684601760D21417657480790A1
:10B820000E2108A80170002141706B469A1C511E20
:10B8300002A800F0C1FC044607284ED06DE0504835
:10B8400000E000206946088548858885C885888885
:10B85000C0B20886ADE701206A469288844600217E
:10B8600008469646624682407646D3B21E4218D0BB
:10B87000C3070BD04B000AAEF65AFF273F023E43E8
:10B880000AAFFE526E46338E134313E04B000AAEEE
:10B89000F65AFF273E430AAFFE526E46338E1343DD
:10B8A00019E0C3070ED04E000AAB9F5D9F536E4652
:10B8B000338E9343491C3386C9B2401CC0B207285B
:10B8C000D0D976E74E000AAB9F5B3F0A3F029F53F9
:10B8D0006E46338E93433386EFE706F0D9FB00289C
:10B8E0001BD106220AA9244800F067FB2249224AFC
:10B8F0000C310888138818400880488853881840FD
:10B9000048808888938818408880C888D3881840E1
:10B91000C88010890881508948811A4801781A48DE
:10B92000012902D0002904D014E000780B2803D8A4
:10B9300010E0007833280DD369460120085600280E
:10B9400003D0012801D0022804D1032048700F49F8
:10B950000120087068464178169801706846817821
:10B960001798017068460178189801701E98057044
:10B97000204619B0F0BD0000C4100020640D002066
:10B98000FFFF00002A010020BB000020DB01002097
:10B9900000207047FFB597B00446002568460E4664
:10B9A00005721746482104A8F4F752FC042200212E
:10B9B0003D4800F0D5FB002807D13B4904220C3953
:10B9C000394800F0FAFA3948457008202056062810
:10B9D00008DB3548017A0906090E03D101460C3906
:10B9E00009890181606803F041FA2168884222D305
:10B9F0001A982E4A0560A17A607A0123121D00F080
:10BA000047FC02A9169004A80191284B0090207AC7
:10BA10001B1D274A2449F6F795FF002815D0617AA7
:10BA200001291BD0207A02281FD01F4803899807BC
:10BA300023D5012022E06946087A401C087260681C
:10BA400003F014FA2168081A16906846007A002854
:10BA500026D01698386001201BB0F0BD411E002092
:10BA600007F0A8FA04A9085C12E003A8F6F700FFA3
:10BA70000328F0D06846007B0AE00020012211462E
:10BA80008140C9B20B4202D1401CC0B2F7E740303E
:10BA90003070C1B24022044800F07CFA3D60DAE721
:10BAA00000203D60D8E70000D0100020C401002035
:10BAB000640D0020F3B50125364F0446455746680E
:10BAC000F8688BB08047002802D000200DB0F0BD90
:10BAD000E07C002806D120782F494007400F4843DA
:10BAE0002E4946182E482B4F40570A907969304608
:10BAF0008847A17C002001220690089209910790B6
:10BB00002189059089B20291082100900390049048
:10BB100001913F6A0123A17818460A9AB847607CD0
:10BB200001281DD01E487A30405D0D30C1B2194841
:10BB3000C26D012090471B480078002813D003F005
:10BB40008FF90446214618A003F090FA0028F9D195
:10BB50002A46314616A003F089FA0028F8D115E0EC
:10BB60000F48A630E0E719493046F4F7C1FA84B22D
:10BB700008467D21C900F4F7BBFA86B22B4632464F
:10BB8000214613A003F072FA0028F7D10C98057033
:10BB900001209BE7683D0108C0270900A070083715
:10BBA000F0430108240100205B256C755D00000056
:10BBB0005258206F6E206672657120256420487A85
:10BBC0002061742044522025640D0A0040420F0079
:10BBD0005258206F6E20667265712025642E256490
:10BBE000204D487A2061742044522025640D0A00BB
:10BBF00070B5064645681D480724816A284688476F
:10BC0000002813D01A48854210D31A4885420DD80F
:10BC1000194885420AD31948854207D8144818495B
:10BC200040422818F4F764FA002900D006240020C6
:10BC300030560D22082100F08AFB0146FD20002924
:10BC400000D1044000217156072901D00D2900DDE3
:10BC50000440012030560622002100F078FB002825
:10BC600001D1FB200440204670BD0000683D010862
:10BC7000A0700837E086483700D88C36C01A4D3798
:10BC8000C027090010B501780C235943054B4268C1
:10BC9000C918497A044B0901C918407800F0F3FA31
:10BCA00010BD0000640D0020C801002070B5022204
:10BCB0000446825601780C200B4B4143C818407A49
:10BCC0000A4D0001451902202856824200DD104627
:10BCD0005D58A268616800F00DFA01460448A28927
:10BCE000436C2846984770BD640D0020C8010020B1
:10BCF000683D0108F7B5044622780C233D4E5A43AF
:10BD00000120921920563A49527A3B4B0F561201A4
:10BD10000221D2180225615655578CB0A94200DD88
:10BD20000D46F8F793F80A902846A268616800F07B
:10BD3000E1F9099020780C2148433049305849698D
:10BD4000884700202E490891059006900790012110
:10BD50000822039001910097029204912748002243
:10BD6000476A01200A9B0999B84723492078091F8F
:10BD7000087024490978002914D003F071F80746A7
:10BD8000394621A003F072F90028F9D120780C215E
:10BD9000484301223158A2561DA003F067F900283C
:10BDA000F4D115E00C21484330582049F4F7A0F9AC
:10BDB00087B208467D21C900F4F79AF986B20123BB
:10BDC000E356324639461AA003F050F90028F6D15E
:10BDD0000A4E217BF26D01209047F26A217B0120FF
:10BDE00090470E9908600D98057001200FB0F0BDC6
:10BDF000F0430108640D0020C8010020683D0108DF
:10BE0000B80B0000240100205B256C755D0000006C
:10BE10005458206F6E206672657120256420487A20
:10BE20002061742044522025640D0A0040420F0016
:10BE30005458206F6E20667265712025642E25642B
:10BE4000204D487A2061742044522025640D0A0058
:10BE50000020C043704710B5092926D006DC05290B
:10BE60000BD0062909D0072928D112E00A291CD0B5
:10BE70000F2923D0222921D11DE08178002903D167
:10BE800043560D2200210AE000230D22C356022151
:10BE900005E081780029F7D143560D220821184684
:10BEA00000F055FA002804D110BD0023C3560E221D
:10BEB000E8E7012010BD00780228FAD2002010BD6A
:10BEC00070B51C46049B15460E46012801D0002083
:10BED00070BD224629463046FFF7C7F970BD10B540
:10BEE000012801D0002010BD0846FFF7EDF910BD74
:10BEF00010B5012802D10846FFF7F2F910BD70B560
:10BF000014460D46012801D0D0B270BD1A46214614
:10BF10002846FFF75BFA70BD10B5012802D108462C
:10BF2000FFF760FA10BD10B5012801D0002010BD48
:10BF30000846FFF773FA10BD30B502460168C07AB3
:10BF40000C2358430930095C50680B01C45A002582
:10BF50000C33C550507A002809D0907A012805D1B9
:10BF6000106901466143081A5168C85030BDD06855
:10BF700000F018F9844200D92046917A002902D1B4
:10BF8000117A002903D011694843401AECE7506840
:10BF9000C55030BD10B50B0914099C4201D3914224
:10BFA00001D3002010BD5A000C07835A240F012131
:10BFB000A1408B438352012010BD30B500280AD028
:10BFC000002908D0002304E05C000D5B5B1C0553D6
:10BFD000DBB29342F8D330BDFFB50E461946099A3D
:10BFE000029800F0B4F9002824D0002425461DE072
:10BFF00000236F00F15B0120984001420ED0E01851
:10C000000C2148430A994018007A01060A0F0107DB
:10C01000090F029800F09BF901280BD05B1CDBB2E2
:10C02000102BE7D310346D1CE4B2EDB200988442BB
:10C03000DED3002004B0F0BDFEB5054614460E4622
:10C040005800F4F7B1FC009060000F460838F4F790
:10C0500097FC2A463346F4F78BFB3B46009AF4F7ED
:10C06000D5FA2A463346F4F7EBFB05F02BFDF4F73F
:10C07000FBFCA04200D90446099804600898F4F734
:10C0800093FC009001912046F4F78EFC2A4633463B
:10C09000F4F76EFB0022D243F4F74AFC0C46074645
:10C0A000022228463146F4F743FC3A462346F4F789
:10C0B00051FB019B009AF4F74DFB05F003FDF4F7EB
:10C0C000AFFC0A990860FEBD70B506460846F4F755
:10C0D0006BFC054601200C46B040F4F751FC2A46A3
:10C0E0002346F4F7ADFB0022014BF4F741FB70BD92
:10C0F00000408F4070B50C460146283915460B00AC
:10C1000003F0EDFB0B07090B0D0F11131517191B8E
:10C110001D000A2070BD0B2070BD0C2070BD0D20CD
:10C1200070BD0E2070BD0F2070BD102070BD11209D
:10C1300070BD122070BD132070BD142070BD400072
:10C14000F4F717FC2146F4F7E2F92946F4F7DBF996
:10C15000F4F7A8FC05F0FCFFF4F762FC40B270BDF8
:10C16000F0B58446964600206246002A01D001229E
:10C1700015E00020F0BD4C0063461F5B1026002434
:10C18000234615469D40BD4301D1641CE4B25B1CAF
:10C19000DBB2B342F5D32018491CC0B2C9B2714515
:10C1A000E9D3F0BD0249884200D3024964207047B8
:10C1B00080EE3600803F5C02FFB504460678022020
:10C1C00083B0205602900325042761786557E7570E
:10C1D00000290BD10F2801D10F2D02D000260727EF
:10C1E000E75705202056062502906557002E25D0DA
:10C1F000112020566169019100901023E356207AA6
:10C20000E168029AFFF7E8FE002801D1FD20064010
:10C2100018221921A2566156284600F098F80028E5
:10C2200007D119202056A84201DD054601E0FB2078
:10C230000640072E02D1002F00D1A757049902987B
:10C2400008700598057006980770304607B0F0BD75
:10C2500003780022032B14D1427813071B0F120618
:10C260008B70120F4A7082788A80C3781B021A433F
:10C270008A8000794206520F0007CA70000F0870CA
:10C2800005221046704700288A6000D14A60704736
:10C29000FFB50024E44381B01F46002552E0019819
:10C2A00000280FD00298002844D0039829010E18C6
:10C2B000B06802F0DBFD0146F06881422BD300201C
:10C2C000F0603DE00398290108180090406802F0F2
:10C2D000CDFD06460298002803D00098806802F041
:10C2E000C5FD864202D90098406804E00298002803
:10C2F00003D00098806802F0B9FD0099C9688142B6
:10C3000002D8002000991AE0002919D0081AA0428A
:10C3100016D2044614E0002812D0B06802F0A6FD40
:10C32000F168081AA0420BD2B06802F09FFDF168D4
:10C330000C1A05E0002403992A0120465118C86010
:10C340006D1CEDB2BD42AAD3204605B0F0BD8842B7
:10C3500003DB904201DC012070470020704770B57C
:10C360001C46049B15460E46012804D12246294648
:10C370003046FFF781F870BD10B5012801D00020CC
:10C3800010BD0846FFF7A4F810BD10B50022012823
:10C3900001D0104610BD0846FFF79CF810BD10B53F
:10C3A000012802D10846FFF725F910BD012800D069
:10C3B00000207047F8B51C460E46069B07991546A7
:10C3C000012801D00020F8BD0091224629463046C0
:10C3D000FFF7C8F9F8BD10B5012801D0002010BD45
:10C3E0000846FFF7D5FA10BD70B51C46049B1546EC
:10C3F0000E46012801D0002070BD22462946304655
:10C40000FFF7C8FA70BD10B50B46012801D0002017
:10C4100010BD11461846FFF74DFB10BD10B50128A1
:10C4200001D0002010BD0846FFF7E2FB10BD10B59B
:10C43000012802D10846FFF725FC10BD10B50128E0
:10C4400002D10846FFF732FC10BD70B514460D4608
:10C45000012801D0002070BD1A4621462846FFF76A
:10C4600049FC70BD10B5012801D0002010BD084660
:10C47000FFF7EEFC10BD10B50B46012801D00020DF
:10C4800010BD11461846FFF7E6FC10BDF0B51E487A
:10C490000021817201634163816341740122C2748E
:10C4A0000275417581744285C17301744272174AE5
:10C4B00013461478383B1C7054785C701446203452
:10C4C000657820335D701546583D2E4637467C37DB
:10C4D000F66F7F68AF646E64257B1D73647B5C734D
:10C4E000203B146B1C63536B383A536301734173E5
:10C4F0008173C26A01E05162926A002AFBD1C1775E
:10C50000014820300170F0BDD80100204C140020FB
:10C5100070B5092000F01DFF0546062000F019FF48
:10C520000404072000F015FF00020443082000F077
:10C5300010FF0443200A0102184A611A5143803156
:10C540005043090A46180021092001F071FD3B20E3
:10C5500000F0FFFE4024204301463B2001F068FD2F
:10C560003B2000F0F6FE8006FAD40D4801F036F8C4
:10C570003B2000F0EEFE204301463B2001F058FD39
:10C580003B2000F0E6FE8006FAD42946092001F09F
:10C590004FFD304601F022F870BD0000093D00005B
:10C5A00000A1BC330200044802D0C16B0020084740
:10C5B000C26B084610470000683D010808B50A48EC
:10C5C000C16A01221143C162C06A0021104000907B
:10C5D0000648416081609102016001460520000724
:10C5E000F8F71EFA08BD00000010024038050020D0
:10C5F00008B50B48C26A01210A43C262C06A0840FA
:10C60000009008484160002181600321C160012140
:10C6100089020160014605200007F8F701FA08BD0C
:10C62000001002404C050020FEB52EA00068012538
:10C63000029002F015FC7D24E400FF2706462D370A
:10C6400009E0304602F012FCB84201D300250BE0AD
:10C650002548F8F7DEFA012302AA80212248009437
:10C66000F8F7C0FB0028ECD102F0FAFB064607E021
:10C67000304602F0FBFBA04231D21B48F8F7C9FA62
:10C68000022301AA812118480094F8F71FFB002813
:10C69000EED1002D23D0684600790102684640792A
:10C6A000081880B280088000F4F77EF900220F4B52
:10C6B000F4F75EF80F22D243F4F73AF900220C4B5C
:10C6C000F4F748F8F4F716FA0A49884201DD0846FB
:10C6D000FEBDFF21C905C842FAD30020FEBD0648B1
:10C6E000FEBD0000F50000007804002000405F401F
:10C6F000000018400000C84200CCCC45FEB52CA07C
:10C7000000680125029002F0ABFB7D24E400FF27C6
:10C7100006462D3709E0304602F0A8FBB84201D3A7
:10C7200000250BE02348F8F774FA012302AA8021C0
:10C7300020480094F8F756FB0028ECD102F090FB5B
:10C74000064607E0304602F091FBA0422ED219487F
:10C75000F8F75FFA022301AA812116480094F8F73E
:10C76000B5FA0028EED1002D20D0684600790102EC
:10C7700068464079081880B280088000F4F714F900
:10C780000D4A0E4BF3F7F4FF0F22D243F4F7D0F823
:10C790000B4A0C4BF3F7DEFFF4F7ACF90A49884279
:10C7A00002DC0A49884200D90846FEBD0848FEBDA1
:10C7B000F300000078040020D7A3703D0AF765401D
:10C7C000CDCCCCCCCC6C47400000FA42000020C25B
:10C7D00033CB4C45F1B51EA084B00068029002F046
:10C7E0003FFBFF270024F5371A4D7E00019009E03A
:10C7F000019802F03BFBB84201D32C700BE01648C5
:10C80000F8F707FA022302AA882113480096F8F7DE
:10C81000E9FA0028ECD102F023FB7D277F010F4EBF
:10C8200001900AE0019802F021FBB84202D32C707B
:10C8300005B0F0BD0848F8F7ECF906230096892109
:10C840000548049AF8F742FA0028EBD1F0E7000017
:10C850002C06000034000020C4040020B80B0000A7
:10C86000F8B51D4616460F460446F8F7A7F93146B7
:10C8700026464036009000291ED043E0681C1BD09D
:10C88000002D05D0F8F79AF90099401AA84213D95B
:10C8900020684168E022914341602068026840219D
:10C8A0008A43026023E021680A6882430A602168A3
:10C8B0000A6802430A601FE020688168384688439E
:10C8C000DCD124E0681C1DD0002D06D0F8F776F9E5
:10C8D00001460098081AA84214D920684268E0214D
:10C8E0008A43426020680168402291430160012030
:10C8F000A16A40038142D6D00120707400203074B8
:10C900000320F8BD2068816838468843DAD00020CB
:10C91000F8BD7047014948607047000014000020CE
:10C9200001207047014980207047000040DD4A1F08
:10C9300010B50348406840688047801C10BD000067
:10C94000140000200148007970470000D403002043
:10C95000F3B5024600206D498BB0002A0BD0012AA6
:10C960007ED10024486C2546072854D0082855D08D
:10C97000092858D155E06548C069F4F715F807460D
:10C9800000910C98F4F710F806900E46302000F055
:10C99000E0FC4007800F02D000245D4D01E0002440
:10C9A0002546272000F0D5FC58494007400F098C48
:10C9B000401C4018F3F7F8FF544A2032099292784D
:10C9C000012A21D00022524BF3F720FE22462B46AB
:10C9D000F3F71CFE3346069AF3F718FE099A12790C
:10C9E000012A14D000221346F3F710FE0322F3F7B6
:10C9F0009FFF3A46009BF3F723FF0022454BF3F7D6
:10CA0000B7FE06F02DFB7DE000221346DCE7002296
:10CA100001239B07E8E700243F4D04E000243F4D3D
:10CA200001E03F4D00248F6C0120B840F3F7A8FFD0
:10CA300002460B4620462946F3F702FF02460B4604
:10CA400000203349F3F7FCFE304E044640360D46D5
:10CA5000F089F3F7A9FF0022324BF3F7D7FD00E08E
:10CA600052E022462B46F3F783FE07910890707B35
:10CA7000001DF3F799FF05910690307B002800D048
:10CA80000220381A8000F3F78FFF04900C9803916E
:10CA9000C000B900401AB17C09014018317C00295E
:10CAA00000D01421401A1C30F3F77EFF039B049A38
:10CAB000F3F7C6FE05F006F8059B069AF3F758FE55
:10CAC000002207460E461346F4F700F802D2384615
:10CAD000314601E0002001460022134BF3F796FD9A
:10CAE00022462B46F3F744FE079B089AF3F78EFD88
:10CAF0000022084BF3F73CFE0C4A0D4BF3F786FD82
:10CB000005F026FBF3F7B0FF0DB0F0BDD403002015
:10CB10000000F03F00408F408084FE4080840E4142
:10CB200080841E4100001140000020402B8716D950
:10CB3000CEF7EF3F00207047F8B51E4D1E49286024
:10CB40001E4802F09FF91D481B49143002F09AF963
:10CB50001A481949283002F095F9686801680120DF
:10CB6000884700F049FCFFF7D3FC002000F0AEFD41
:10CB700068688168284608308847114E00246000A4
:10CB80002718F05D00F06AFDB8198178407801F04F
:10CB90004FFA641CE4B2102CF1D3002000F05EFDCB
:10CBA0000649002068390871686840688047801C21
:10CBB000F8BD0000140000204DD200083C04002005
:10CBC000883C010810B586B014216846F3F740FB95
:10CBD0000E4801900220010302906A460C48FAF7C1
:10CBE000B5FB0C4C01216A4689022046FAF7AEFBE0
:10CBF00001216A46C9022046FAF7A8FBFF216A46CE
:10CC000001312046FAF7A2FB06B010BD000011105A
:10CC1000000800500004005010B586B0142168468A
:10CC2000F3F716FB1148FFF775FE1148019002203B
:10CC300002900320012103906A4649030D48FAF748
:10CC400085FB0D4C01216A4689022046FAF77EFBDE
:10CC500001216A46C9022046FAF778FBFF216A469D
:10CC600001312046FAF772FB06B010BD64000020C7
:10CC700000001110000800500004005070B5044678
:10CC800001210368002249030C48FAF795FB0C4D7B
:10CC900001210022890228466368FAF78DFB0121F1
:10CCA0000022C9022846A368FAF786FBFF2100226A
:10CCB00001312846E368FAF77FFB70BD0008005099
:10CCC00000040050FFB581B01D4617460E460124F2
:10CCD000019800F0C3FC304600F080FC052000F015
:10CCE000F5FC0120F6F7B9F902F0BAF8064606E0BD
:10CCF000019800F05FFBB84201DD002404E03046FB
:10CD000002F0B4F8A842F3D300F0B4FF204605B017
:10CD1000F0BD0000F8B5002568460570A84C2079E4
:10CD2000012809D0022857D12046683002F05CF96A
:10CD3000607901287ED123E16079002818D001288C
:10CD40004AD14021122001F073F9122000F001FBBA
:10CD50006946087008789A4E8006403600286ADADC
:10CD60002021122001F064F9B07D002876D083E004
:10CD7000934E20363079012835D13F2000F0E9FA72
:10CD800069460870087880072DD40B213E2001F0F9
:10CD90004FF910213F2001F04BF930465C3002F092
:10CDA00023F9B079002818D00D2000F0D2FA4021E4
:10CDB00001430D2001F03CF93046703002F0DCF800
:10CDC00080480068002803D00069002800D0804710
:10CDD00035747574A5876587F8BD7948903002F081
:10CDE00003F92571ECE7618F774F00290AD1A08FF5
:10CDF000002807D1B078002831D0322000F0A9FAFD
:10CE00006087618FA08F091AC9B2C01900F0CAFAF1
:10CE1000608FA0876A487C3002F0E6F8B07900287D
:10CE200023D00D2000F095FA402101430D2001F0A0
:10CE3000FFF801E0A8E02CE06148903002F09CF897
:10CE4000604800680028C3D08768002FC0D0122235
:10CE5000B256618F00235C48B847B9E70BE05848E9
:10CE600001213A3000F09EFACBE755482571903009
:10CE700002F0BAF8E4E7257151487C3002F0B4F8CA
:10CE8000504800680028A7D000690028A4D0804737
:10CE9000F8BD192000F05DFA40B2494F801C8010A7
:10CEA000603738701A2000F054FA00217956474A4A
:10CEB00000290BDAA368934203D9091800119D38A1
:10CEC00002E009180011A438081809E0A16891428D
:10CED00003D9011108189D3802E001110818A4387F
:10CEE0007084132000F035FA3871102000F031FA08
:10CEF00001460D2001F09CF83979334800F052FAD0
:10CF0000B07D002800D125712D487C3002F06CF8EE
:10CF10002C4800680028BBD08468002CB8D00023BF
:10CF20002222FB56B25E39792748A047284F38782D
:10CF3000002823D127480078002808D001F090FF6E
:10CF40000446214624A002F091F80028F9D1244C8F
:10CF50002078002806D023A002F088F80028FAD113
:10CF6000257004E023A002F081F80028FAD12221E4
:10CF7000715E23A002F07AF80028F8D13D70F8BD68
:10CF80000821122001F054F80E482571006800288D
:10CF9000F5D000680028F2D080470E4800780028BD
:10CFA00008D001F05DFF044621460BA002F05EF8B8
:10CFB0000028F9D115A002F059F80028FAD1F8BDDF
:10CFC000D403002014000020D402002040DD4A1FBA
:10CFD000DD010020240100205B256C755D00000050
:10CFE000DA0100207278446F6E652841434B290DA9
:10CFF0000A0000007278446F6E650D0A00000000A0
:10D00000527373693D2025640D0A00007478446FE3
:10D010006E650D0A0000000070B53B4C2546217975
:10D02000E61F6879F93E2035012911D0022937D150
:10D03000002835D1618FA08F33460A1AE97FC018C6
:10D040008A425CDD01F01BF8A08FE97F401854E0B4
:10D05000002826D0012823D12B487C3001F0C4FFC2
:10D060008021122000F0E4FF002020712748006892
:10D07000002815D0C068002812D0804724480078C6
:10D08000002808D001F0ECFE0446214621A001F062
:10D09000EDFF0028F9D121A001F0E8FF0028FAD126
:10D0A00070BD1948903001F09FFF608F002809D1B2
:10D0B000A08F002806D1A878002813D0322000F0D5
:10D0C00048F96087618FA08F0A1AA97F8A420FDB17
:10D0D000491EC9B2801900F065F9A08FA97F4018D8
:10D0E000401E0AE0084801213A3000F05BF9E9E708
:10D0F000D1B2801900F056F904E0A08770BDD1B21A
:10D1000000F0BDFF608FF8E7D4030020140000207A
:10D11000240100205B256C755D0000007278546965
:10D120006D654F75740D0A0070B5294D294C29465F
:10D1300008462A7940304979C07C012A04D0022A65
:10D1400001D1002902D170BD002916D00129FAD1E0
:10D150000128F8D10221122000F06AFF206800287F
:10D16000F1D040690028EED01C2000F0F2F82168D0
:10D1700080064969800E884770BD154C0126203411
:10D180002674607C0028F7D12046703001F02CFF17
:10D190006674112000F0DDF840084042A0741B20A6
:10D1A00000F0D7F806021C2000F0D3F80643300A3E
:10D1B0000102094A711A514380315043090A40184B
:10D1C00068630C2000F0C5F84009207670BD0000AF
:10D1D000D403002014000020093D000010B51248BF
:10D1E000407900281FD001281DD1122000F0B1F88D
:10D1F0000E4CC0070BD00521122000F019FF20684B
:10D20000002810D0816900290DD001200AE00421F6
:10D21000122000F00DFF2068002804D08169002949
:10D2200001D00020884710BDD40300201400002046
:10D2300005484079002806D103482030017C0029A8
:10D2400001D1012101747047D4030020F8B52E4D9F
:10D25000287901282BD0022828D100F0CDF8FFF73B
:10D2600057F9002000F032FA284E002460002718F9
:10D27000F05D00F0F3F9B8198178407800F0D8FE3D
:10D28000641CE4B2102CF1D3002000F0E7F91E4832
:10D290004030007F00F048FA002028711C480068E8
:10D2A000002803D04068002800D08047F8BD687986
:10D2B000002816D1144E0024203634747474AC87C0
:10D2C0006C870B213E2000F0B3FE10213F2000F0C0
:10D2D000AFFEB07901280AD030462C71703001F0D1
:10D2E00083FE0B4800680028E0D0C068DBE70D2013
:10D2F00000F02FF8402101430D2000F099FE024874
:10D30000903001F039FEECE7D4030020883C01089E
:10D310001400002070B50025012000F09FF9FF21C6
:10D32000112000F085FE052000F0D0F90024012036
:10D33000F5F793FE2C2000F00CF8C007C00FA040BA
:10D34000641C0543E4B2202CF1D300F093FC284682
:10D3500070BD08B50122694600F003F86846007800
:10D3600008BDF8B50446012715460E46FF03052003
:10D37000002239460007FAF73DF86006400EFAF73A
:10D38000A3FA002405E00020FAF79EFA3055641C49
:10D39000E4B2AC42F7D30520012239460007FAF780
:10D3A00029F8F8BD0A4610B501460020FFF7D9FF5D
:10D3B00010BD000010B5002804D0012808D00020BE
:10D3C000C04310BD1120FFF7C4FF4008404210BD0C
:10D3D000074808498068884204D91B20FFF7B9FF35
:10D3E0009D3810BD1B20FFF7B4FFA43810BD00000E
:10D3F000D403002040DD4A1F30B585B014216846B3
:10D40000F2F726FF0120019003200E4D0024039027
:10D4100002946A4601212846F9F798FF002201216B
:10D420002846F9F7E7FF0120F5F717FE6A460121C4
:10D4300028460194F9F78AFF0620F5F70EFE05B09D
:10D4400030BD00000004005073B5394C06466179C8
:10D450000020002902D0012966D128E00020A08701
:10D460006846334D017961872035A878002809D0B6
:10D47000322000F0DDFD68460279501E3F2806D8B4
:10D48000EA770AE0012101A800F0F9FDF3E731464F
:10D49000284805F0E9F92020E877E97F304600F0D8
:10D4A000EEFDA08FE97F4018A087A06A3CE02048ED
:10D4B000BE254030407D012821D03320FFF749FFB1
:10D4C0002840411C332000F0B3FD1D213B2000F01B
:10D4D000AFFD68460179164860300171222000F0E6
:10D4E000A7FD00210E2000F0A3FD00210D2000F07B
:10D4F0009FFD0120FFF72DFF40070AD00EE03320EB
:10D50000FFF727FF28400146332000F091FD192145
:10D51000DCE700F0C9FB0120F5F79FFD68460179C3
:10D52000304600F0ACFDA06D00F0D0FB7CBD0000EB
:10D53000D4030020D4020020FF21052310B50131BF
:10D540001B07032804D000221846F9F753FF10BD2B
:10D550000122F9E7F0B51F4985B00A78824223D04D
:10D560000127052600243D023607087000281DD03B
:10D5700014216846F2F76CFE032003906A462946A0
:10D58000019702943046F9F7E1FE00222946304621
:10D59000F9F730FF104F3878002805D001222946CE
:10D5A0003046F9F727FF3C7005B0F0BD14216846FE
:10D5B000F2F74EFE032003906A4629460197029433
:10D5C0003046F9F7C3FE002229463046F9F712FF2C
:10D5D000EAE7000060000020A400002070B50546C6
:10D5E0001048114E856031462846F2F781FD044609
:10D5F00030466043281A0002711040183146F2F795
:10D6000077FD210244182002010E062000F010FDD3
:10D610002004010E072000F00BFDE1B2082000F00D
:10D6200007FD70BDD4030020093D000070B50D4614
:10D63000044600F013F8002C04D0012C0AD129462E
:10D64000232005E004488078002803D129463220B1
:10D6500000F0EEFC70BD0000F403002010B504469D
:10D660000120FFF776FE0106174801D5012100E0F1
:10D6700000214171C9B2A14224D04471012C0FD0C4
:10D6800000F0F8FA0120FFF764FE4106490E012080
:10D6900000F0CEFC0021402000F0CAFC30210EE05A
:10D6A00000F0E8FA0120FFF754FE80210143012039
:10D6B00000F0BEFC0021402000F0BAFC0021412017
:10D6C00000F0B6FC10BD0000D403002070B5154C6E
:10D6D000050015D06068016801208847606801690D
:10D6E0000020884760684169284688470120FFF785
:10D6F00030FEC108C9002943012000F099FC70BD2B
:10D700000120FFF726FEC108C900012000F090FCAF
:10D7100060680169012088476068016800208847C7
:10D7200070BD00001400002010B504460120FFF772
:10D7300095FF0548002C047701D0342100E0122128
:10D74000392000F075FC10BD1404002070B50446AB
:10D750000920FFF7FEFD06464D20FFF7FAFD0546BE
:10D7600021488068FFF7DEF87106490E08437021F2
:10D770000843C1092AD0112C02DD07210D4302E024
:10D78000ED08ED002D1DE943490703D0022C0CDA0A
:10D7900002240DE0052C01DA052402E0142C00DD42
:10D7A000142401090901641F05E0112C00DD112476
:10D7B00001090901A41E2007000F0143092000F000
:10D7C00037FC29464D2000F033FC70BD0021C943D1
:10D7D0008C4201DA0C4602E00E2C00DD0E24010919
:10D7E0000901641CE7E70000D4030020F8B50646F1
:10D7F0000027764801F0F8FB744C683C60790028FB
:10D8000002D0012825D125E0704D4020483DAF7958
:10D81000FFF79FFD8107890F40200C3100F008FCC5
:10D820004120FFF796FD3E2108400146C1314120CD
:10D8300000F0FEFB3520FFF78CFD8006800EA877F8
:10D840001E210D2000F0F4FB002028746874A087CE
:10D8500060877DE05D4D283D687D012825D033201F
:10D86000FFF777FDBE210840411C332000F0E0FBAC
:10D870001D213B2000F0DCFB606C09287ED23120AA
:10D88000FFF767FD4106490E312000F0D1FB002172
:10D89000302000F0CDFB606C030002F020F809108E
:10D8A000171E252C333D3D3D41003320FFF751FD30
:10D8B00041210143332000F0BBFB1921D9E7482166
:10D8C0002F2000F0B5FB4249A06821E044212F2021
:10D8D00000F0AEFB3F49A0681AE044212F2000F081
:10D8E000A7FB3D49A06813E044212F2000F0A0FBD6
:10D8F0003A49A0680CE044212F2000F099FB3849F8
:10D90000A06805E044212F2000F092FB3549A06873
:10D910004018FFF763FE03E040212F2000F088FB52
:10D92000E87CAF7D012835D01F21112000F080FB5D
:10D930004020FFF70EFD8106890E402000F078FBA5
:10D9400000210F2000F074FB00210D2000F070FB7F
:10D95000FF2101312448F2F77BFC01202071002EC9
:10D9600008D01A483146143001F0F4FA1748143040
:10D9700001F002FB6079002816D000E003E0002FE0
:10D980001FD005201EE03120FFF7E3FC802101437A
:10D990003120C3E71D21112000F04AFB4020FFF792
:10D9A000D8FC33210140C8E70520FFF78FFE074868
:10D9B000E16A283001F0CEFA0448283001F0DCFAA0
:10D9C000F8BD0620FFF782FEF8BD00003C040020F1
:10D9D000821E0000B4280000043D00005E510000DB
:10D9E000127A0000C6A20000D4020020FFB587B062
:10D9F00017460C460546139EFFF730FE11999848CE
:10DA0000090A0691002D04D0012D7AD1022C7AD971
:10DA1000FEE7C761054644611098A8619048203030
:10DA200086701499C17015990171189941711999ED
:10DA30008171119828843846F2F7B6FF07460B46E5
:10DA400001913A4600208749F2F7FAFE0322F2F7E5
:10DA50006FFF049005911298F2F7A6FF059B049AB8
:10DA6000F2F786FE0022804BF2F782FEF2F7FCFF0F
:10DA7000E8623A4600207D49019BF2F7E1FEF2F7A9
:10DA8000F3FF85B2290A022000F0D2FAE9B203209E
:10DA900000F0CEFA2046F6F7EBF90146122000F02E
:10DAA000C7FA1098F6F7E4F90146132000F0C0FA1F
:10DAB0002520069900F0BCFA1198C1B2262000F08A
:10DAC000B7FA002E01D0149900E0FF21322000F0B7
:10DAD000AFFA3020FFF73DFC6F210840002E01D047
:10DAE000002100E0802108431599090101433020FD
:10DAF00000F09EFA3120FFF72CFC40210143312039
:10DB00009FE0A0E0FFE75648E41D554D876444645C
:10DB100040350A9868731198E8812E7414986874D7
:10DB20001598A8741698E874179828751898687549
:10DB30001998A8750C2F01D90C2702E0062F00D2E6
:10DB40000627072C02D0082C02D003E00B2F45D06B
:10DB50000C2F43D0002028731D20FFF7FAFB0A99F1
:10DB60002001490008433043C1B21D2000F060FA93
:10DB70001E20FFF7EEFB08210840390108431599E4
:10DB80008900084312998905890F0843C1B21E20F4
:10DB900000F04EFA2620FFF7DCFBF7210840297B36
:10DBA000C9000843C1B2262000F042FA1298C1B25F
:10DBB0001F2000F03DFA2020069900F039FA119854
:10DBC000C1B2212000F034FA002E03D02220149993
:10DBD00000F02EFAE87C012802D00DE00120BAE71F
:10DBE0004420FFF7B6FB80210143442000F020FAD7
:10DBF000297D242000F01CFA092C02D003213620B4
:10DC000010E017481A498068884205D90221362059
:10DC100000F00EFA642104E00221362000F008FA38
:10DC20007F213A2000F004FA062F0ED03120FFF7B2
:10DC300090FBC108C9003120C91C00F0F9F90A2184
:10DC4000372000F0F5F90BB0F0BD3120FFF781FB74
:10DC5000C108C9003120491D00F0EAF90C21EFE7A5
:10DC6000D40300200000F03F00408F4080847E41BC
:10DC700040DD4A1F10B50A4801F0B6F908481438CB
:10DC800001F0B2F90020FFF721FD06484068016865
:10DC900000208847024900207C39087110BD00002F
:10DCA000500400201400002010B5074801F09CF932
:10DCB0000548143801F098F90120FFF707FD0249E3
:10DCC00000207C39087110BD5004002010B50446B6
:10DCD000294801F089F928482146143801F03AF919
:10DCE000254C7C3C6079002802D001282CD119E019
:10DCF0004020FFF72EFB8107890F4020103100F0F4
:10DD000097F94120FFF725FB3E210140412000F01B
:10DD10008FF93520FFF71DFB81061748890E5C3807
:10DD2000817711E014483C38C07C012816D0F721D7
:10DD3000112000F07DF94020FFF70BFB8106890ED2
:10DD40004020403100F074F9022020710A48143854
:10DD500001F012F90320FFF7B9FC10BDF5211120E5
:10DD600000F066F94020FFF7F4FA3321084001463D
:10DD700040314020E6E7000050040020FFB581B0AC
:10DD80001E460C460C9F0A9D0198FFF767FC7648DB
:10DD90004068C168204688473A0A01997348009252
:10DDA000002908D0012973D122460446403422704C
:10DDB000022E57D9FEE7047303994661C5610161DC
:10DDC0006A49078420310D9A8A700E9A0A71119A55
:10DDD0004A71129981620398F2F7E6FD0022644BC2
:10DDE000F2F72EFDF2F740FE84B2210A042000F083
:10DDF0001FF9E1B2052000F01BF92846F2F7D4FD27
:10DE00000B46024600205B49F2F71AFDF2F72CFEA2
:10DE100084B2210A022000F00BF9E1B2032000F0E5
:10DE200007F92520009900F003F9F9B2262000F047
:10DE3000FFF83020FFF78DFA6F2108400D99002977
:10DE400001D0002100E0802108430E99090101431F
:10DE5000302000F0EDF83120FFF77BFA402101433C
:10DE6000312071E0F61D466485640B996173E7818A
:10DE70000D9921740F99E174109A22750E9AA2746B
:10DE8000119A6275129A82650C2D02D90C2503E055
:10DE90005CE0062D00D20625072E02D0082E02D007
:10DEA00003E00B2D06D00C2D04D000202073012997
:10DEB00002D00DE00120F9E74420FFF74AFA802163
:10DEC0000143442000F0B4F8217D242000F0B0F894
:10DED0001D20FFF73EFA0B993001490008430D99C8
:10DEE0000843C1B21D2000F0A3F81E20FFF731FA4D
:10DEF0000B210840290108430E9989000843C1B24B
:10DF00001E2000F095F82620FFF723FAF72108409D
:10DF1000217BC9000843C1B2262000F089F82020E7
:10DF2000009900F085F8F9B2212000F081F8062D63
:10DF30000ED03120FFF70DFAC108C9003120C91CED
:10DF400000F076F80A21372000F072F805B0F0BD35
:10DF50003120FFF7FEF9C108C9003120491D00F04A
:10DF600067F80C21EFE7000014000020D403002024
:10DF700080844E4080847E4130B50D467D2114461C
:10DF8000C90089B04C43FFF729FB00200790069099
:10DF900003900590019004904B20052180010023FF
:10DFA0000291009008941A4629461846FFF7E6FEAB
:10DFB0003120FFF7CEF9BF210140312000F038F8C1
:10DFC000F021402000F034F8A021412000F030F88A
:10DFD0002146074800F0BEFF054902206839087154
:10DFE000034800F0C9FF0320FFF770FB09B030BD04
:10DFF0003C0400207047000010B50C4C60790028EC
:10E0000012D0012810D1FA21112000F011F840207F
:10E01000FFF79FF981088900402000F009F80320EC
:10E0200020710720FFF752FB10BD0000D403002031
:10E0300013B5012201A900F001F81CBDF8B5044692
:10E04000012715460E46FF0305200022394600072A
:10E05000F9F7D0F9204680210843F9F735FC002470
:10E0600004E0305DF9F730FC641CE4B2AC42F8D354
:10E070000520012239460007F9F7BCF9F8BD0A4628
:10E0800010B501460020FFF7D9FF10BDF0B589B0EB
:10E0900000204C4C0790A17CFF2902D0002903D01E
:10E0A00003E0092009B0F0BD6066464820300078E2
:10E0B000F4F7F2F9444D606E019069786846017397
:10E0C000A17F8173A17A41732F463E4E206E38376F
:10E0D0006436029003E07878687069460873394ABC
:10E0E000009607AB1F3201A9A07EFEF77DF900283C
:10E0F000F1D0354E012320360122F356AA56717B0A
:10E10000A07EFDF7FCFE41B23046BC3000902A7A7A
:10E11000A07E6B68FEF723F93746D03700970821B9
:10E120002A7A7156A07E6B68FEF719F9A07A10263C
:10E1300000281BD001216956E27BE07901F0E6FA64
:10E14000002838D0384614382969C0680818206774
:10E150006869F96840186067A07A002810D00799AC
:10E1600000292AD0206C304320641AE01648A9699F
:10E17000DC30C06808182067E869F96840186067F3
:10E18000124800780028EAD00798002815D0216CA2
:10E19000104A314321640E4909885143814200D21B
:10E1A00001460948A03000F0D5FE0748A03000F035
:10E1B000E3FE002076E7082074E7E07F00F0B8FB7C
:10E1C00070E70000D801002014140020AB000020EC
:10E1D000BC00002060EA0000F0B5FF4C8DB00025C7
:10E1E0006574FAF7F9F801286FD1FC4E684631786A
:10E1F000F3F78EFC00203070A08E0026C5B2208F71
:10E20000C0B20C90A08FC7B204F07AF82146583102
:10E210004871F3480078012810D0022879D00328EB
:10E2200070D004286FD005286ED006286DD007283E
:10E230006CD008286BD009286AD021E3E64EE08D27
:10E2400058363168000A08703168E08D4870E54939
:10E250000198F2F760F9F2F7B5FB316800128870A7
:10E26000E0490198F2F757F9F2F7ACFB3168C87052
:10E270000498F2F7A7FB3168001208710498F2F7CE
:10E28000A1FB3168002D487105D101218903D648D1
:10E29000F6F788FC6070694660780978C00149002B
:10E2A0000843E907C90F084331688871CF480078EF
:10E2B00000280BD06846808C3168000AC871684617
:10E2C0003168808C087200202CE201E3C549079870
:10E2D000F2F721F9F2F776FB31680012C871C149F3
:10E2E0000798F2F718F9F2F76DFB3668BD493072FE
:10E2F0000898F2F710F9F2F765FB001270720898AF
:10E3000026E106E057E0CFE029E17EE1B4E10BE24F
:10E3100055E2B14EE08D58363168000A0870316818
:10E32000E08D4870AF490198F2F7F5F8F2F74AFB33
:10E33000316800128870AB490198F2F7ECF8F2F7F7
:10E3400041FB3168C8700498F2F73CFB3168001259
:10E3500008710498F2F736FB3168002D487105D139
:10E3600001218903A048F6F71DFC607069466078BA
:10E370000978C00149000843E907C90F084304218F
:10E380000843316888716946C88C3168000AC871D1
:10E3900069463068C98C017295490978032903D010
:10E3A000FF214172817265E16946098D090A417256
:10E3B0006946098DF6E70498F2F704FB864E0012D1
:10E3C0005836316808700498F2F7FCFA31684870E2
:10E3D0000598F2F7F7FA3168001288700598F2F79D
:10E3E000F1FA3168C8700698F2F7ECFA3168001259
:10E3F00008710698F2F7E6FA3168002D487105D1E8
:10E40000012189037848F6F7CDFB60706946607892
:10E410000978C00149000843E907C90F08430821EA
:10E4200008436D49583109688871704800780028A0
:10E430000ED06946888C010A674858300268D1714D
:10E4400069460068898C017200214172817221E065
:10E4500064490798F2F75FF8F2F7B4FA5E4E0012DB
:10E4600058363168C8715F490798F2F754F8F2F7E7
:10E47000A9FA36685B4930720898F2F74CF8F2F75F
:10E48000A1FA0012707257490898F2F744F8F2F7AF
:10E4900099FAB0726421E08DF1F72AFE4E495831A5
:10E4A00009680C26C872EBE14B4EE08D5836316896
:10E4B000000A08703168E08D48704A490198F2F707
:10E4C0002AF8F2F77FFA31680012887045490198FE
:10E4D000F2F721F8F2F776FA3168C8700498F2F78B
:10E4E00071FA3168001208710498F2F76BFA31681A
:10E4F000002D487105D1012189033B48F6F752FBF5
:10E500006070694660780978C00149000843E907EE
:10E51000C90F08430C2108433168887131490298BA
:10E52000F1F7F9FFF2F74EFA31680012C8712D4980
:10E530000298F1F7F0FFF2F745FA36682949307290
:10E540000398F1F7E8FFF2F73DFA001270720398B2
:10E550002449F1F7E0FFF2F735FAB0728AE01E4E77
:10E56000E08D58363168000A08703168E08D4870D7
:10E570001C490198F1F7CFFFF2F724FA3168001235
:10E58000887018490198F1F7C6FFF2F71BFA316855
:10E59000C8700498F2F716FA3168001208710498EE
:10E5A000F2F710FA3168002D487105D10121890375
:10E5B0000D48F6F7F7FA6070694660780978C0018F
:10E5C00049000843E907C90F08431021084331688F
:10E5D00088710B9800120DE09400002025010020A6
:10E5E0004B01002000002041000400508400002066
:10E5F000850000203168C87130680B9901720B9951
:10E60000090E41720B990914CCE6B34EE08D3168C6
:10E61000000A08703168E08D4870B0490198F1F740
:10E620007AFFF2F7CFF9316800128870AB49019890
:10E63000F1F771FFF2F7C6F93168C8700498F2F784
:10E64000C1F93168001208710498F2F7BBF931681A
:10E650004871684600781421400008433168887189
:10E66000206C3268010ED1713168020C0A72020A04
:10E670004A7288720B2603E1974EE08D3168000ADA
:10E6800008703168E08D487094490198F1F743FFB4
:10E69000F2F798F931680012887090490198F1F703
:10E6A0003AFFF2F78FF93168C8700498F2F78AF9E7
:10E6B0003168001208710498F2F784F93168002D6E
:10E6C000487105D1012189038548F6F76BFA60701E
:10E6D0000C98002805D10121C9038148F6F762FA98
:10E6E000A070002F05D1052010210007F6F75AFA77
:10E6F000E070694660780978C00149000843E9077D
:10E70000C90F084318210843316888710C98A17813
:10E71000000108433168C871E17838010843316865
:10E720000872FF204872A4E76B4EE08D3168000A42
:10E7300008703168E08D487068490198F1F7EBFE88
:10E74000F2F740F931680012887064490198F1F7D6
:10E75000E2FEF2F737F93168C8700498F2F732F93F
:10E760003168001208710498F2F72CF93168002D15
:10E77000487105D1012189035948F6F713FA6070F1
:10E78000694660780978C00149000843E907C90F64
:10E7900008431C210843316888710598F2F712F983
:10E7A00031680012C8710598F2F70CF936683072BA
:10E7B0000698F2F707F9001270720698CBE6464EFB
:10E7C000E08D3168000A08703168E08D4870434977
:10E7D0000198F1F7A0FEF2F7F5F8316800128870A1
:10E7E0003E490198F1F797FEF2F7ECF83168C870EE
:10E7F0003A490298F1F78FFEF2F7E4F83168001217
:10E80000087136490298F1F786FEF2F7DBF83168B5
:10E81000002F487105D1052010210007F6F7C2F935
:10E82000E0706946E0780978C00149000843F907BB
:10E83000C90F08432021084331688871274903988C
:10E84000F1F769FEF2F7BEF831680012C87123498A
:10E850000398F1F760FEF2F7B5F831680872206CA2
:10E86000020E4A72020C8A72020ACA720873606C43
:10E87000020E4A73020C8A73020ACA7308741126C4
:10E88000012D01D1002060630C98012801D10020E6
:10E89000A063012F01D10020E06312480078012815
:10E8A00007D011480078012803D0104800780128CB
:10E8B00001D10120E071084806713838C6714079ED
:10E8C000012807D003F0A6FD01460348FAF7B4F883
:10E8D0000DB0F0BD0121F8E7EC0000200000204160
:10E8E000000400504C0100204D0100204E0100208A
:10E8F000FEB5002426468F252E400B4DEF7AFF01F2
:10E900003E436F463E71009313460A4601A9FCF749
:10E910002FF8002806D1054844710471296BC160A5
:10E92000FFF7B4FBFEBD0000D80100204415002015
:10E93000F0B587B0002669460E70374F08717878B9
:10E94000487138788871386B0290786B334C03903B
:10E95000E08C0882F9F7CAFB2078002807D030A0A5
:10E9600000F084FB61782FA000F080FB2670344813
:10E9700001250078002809D000F072FA059031A036
:10E98000059900F073FB0028F9D10DE020790028EB
:10E9900005D12EA000F06AFB0028FAD1257120A035
:10E9A00000F064FB0028FAD133A0216B00F05EFB7D
:10E9B0001A4B6A46443301A9A07EFDF746FD36494D
:10E9C00008464D70143845707A7882706A4612781D
:10E9D000C270626C82604A607D21C900C03800F05C
:10E9E000B9FA0D48703000F0C7FAA07A002804D1B7
:10E9F0000A4820308178491C817028480670E08CD4
:10EA0000C1B22748026B27489047206C28432064F6
:10EA1000002007B0F0BD000014140020D801002031
:10EA20000D0A00004A6F696E526571756573742036
:10EA30004E62547269616C733D2025640D0A0000BA
:10EA4000240100200A0D5B256C755D000A0D506CD9
:10EA500065617365207573652041542B44454255AB
:10EA60004720746F2073656520646562756720694F
:10EA70006E666F0D0A0000002A2A2A2A2A20557085
:10EA80004C696E6B436F756E7465723D2025752001
:10EA90002A2A2A2A2A0A0D0058150020B40000202C
:10EAA000683D01081411002038B51B4D7D21C900B7
:10EAB000286BF1F71DFB044600206874F9F78CFC05
:10EAC000012828D16846F4F7CDFA294605205831A7
:10EAD000487168460A688078107068460A68C0788D
:10EAE0005070684600880A68000A907068460A6894
:10EAF0000088D0700A68200C10710A68200A5071D2
:10EB000008688471072008713839C87128460021C7
:10EB10005830F9F791FF38BD94000020F8B512483D
:10EB200000244474F9F758FC01281BD10E4A6421D3
:10EB30005832002051711346383B01469D7907E059
:10EB40000A4E1768765C3E54084E401C7454491CAB
:10EB5000A942F5DB9C711071D8710348002158302F
:10EB6000F9F76AFFF8BD00009400002008080020B3
:10EB70001FB5124C6A46E17F117011494B785370F2
:10EB80000B7893700A6B0192496B02916A469081EF
:10EB90006946A07EFDF752FC09487D21C90070300E
:10EBA00000F0D8F90648703000F0E6F9206C012139
:10EBB00008432064002004B010BD0000D8010020EC
:10EBC0001414002070B50D4614460A4902464B6CD9
:10EBD00061B2284698477D21C900074800F0BAF97C
:10EBE000054800F0C9F905480122016C1143016490
:10EBF000002070BD683D010884140020D801002069
:10EC000010B5F6F75BFB10BD10B594B014210EA83B
:10EC1000F1F71EFB38216846F1F71AFB022000903D
:10EC200001210A90039180040C90002400010194BA
:10EC300010210D900B9404916846F6F787FE00288A
:10EC400001D0F4F7B7FE1148816B020411438163D0
:10EC50000F4801680322D2029143C214891801604F
:10EC60004168C943C906FBD50F200E9003200F90C1
:10EC700010941194012112940EA8F6F757FD002864
:10EC800001D0F4F797FE14B010BD00000010024050
:10EC90000070004010480168821511430160C1688E
:10ECA0000E4A1140C16001680D4A1140016081683F
:10ECB0004908490081600168012292049143016082
:10ECC000C168FD2212049143C16000210161054920
:10ECD000C003886070470000001002400C40FF88AD
:10ECE000F6FFF6FE00ED00E010B500F02DF810BDC7
:10ECF00010B50248F7F79EFE10BD0000AC050020DD
:10ED000010B50D48816B0222114381630C480B49F9
:10ED1000016000221F21826041600A490261C160D6
:10ED2000F7F706FD002801D0F4F744FE0022052184
:10ED30001020F6F707FB10BD001002400004004051
:10ED4000AC050020E703000010B50248F7F772FE9B
:10ED500010BD00009C020020F0B502680124A40749
:10ED6000124D134E134FA04205D0A84203D0B0421B
:10ED700001D0B84204D11346702293434A681A4323
:10ED8000A04205D0A84203D0B04201D0B84204D17D
:10ED900003231B029A43CB681A4302608A68C2624B
:10EDA0000968816201214161F0BD0000000400405A
:10EDB000000801400014014010B50123046A8B4093
:10EDC0009C430462036A8A401343036210BD00003F
:10EDD00070B5046A6408640004628469056A0126E7
:10EDE000B607B04208D00E4EB04205D00D4EB0422C
:10EDF00002D00D4EB04202D1A408A40002E0A40843
:10EE0000A40001221443F02294431A07120E0A238D
:10EE100022439D43194029438261016270BD000075
:10EE200000040040000801400014014070B5046A6D
:10EE30001025AC4304628569046A03263602B54393
:10EE400012022A430F252D031B071B0CAA43134351
:10EE5000A02209019443114021438361016270BDE6
:10EE600010B5F8F7EFFBF8F71FFD10BD70B50546BC
:10EE7000F8F7E8FB04462846F8F71EFD201AF8F7D5
:10EE800013FD70BD00220260426002720261C16027
:10EE90007047000010B5054A1168002901D0002311
:10EEA0000B720161106000F03FF810BD7C02002081
:10EEB00070B5F8F7B3FB0446F8F74EFC031B194C8A
:10EEC000206800282DD00146002507E016689E42E4
:10EED00002D9F61A166000E0156009690A69002A6D
:10EEE000F4D100281DD001692160C068002800D13C
:10EEF000FEE780472068002813D0F8F795FB01460D
:10EF000020680268914205D901692160C068002823
:10EF1000EFD1FEE7002804D0017A002901D100F0EA
:10EF200003F870BD7C02002070B50446F8F774FB4E
:10EF3000054601202072F8F777FB216840198842C6
:10EF400001D8084603E0F8F76FFB40192060F8F796
:10EF5000B5FB70BD70B505460846F8F7ADFC044634
:10EF6000284600F041F8F8F757FB844200D20446E7
:10EF70002C606C6070BD0000F8B50400EFF31085E4
:10EF800072B62CD0174F3868014602E0A04226D056
:10EF900000690028FAD100266068206026720029E6
:10EFA0000CD0F8F741FB2168091821603868026825
:10EFB000914206D22046FFF76DFF10E0F8F7CCFB38
:10EFC000F8E70169002908D022680B689A4201D944
:10EFD0000846F6E70461216101E00461266185F3DA
:10EFE0001088F8BD7C02002070B5EFF3108572B672
:10EFF000144C21680A1E21D000281FD081421BD149
:10F00000087A00260128086903D000280AD0206069
:10F0100014E0002804D00E722060FFF785FF0DE099
:10F02000F8F732FC266009E0814203D108691061DB
:10F03000002803E00A4609690029F5D185F3108804
:10F0400070BD00007C02002008B5064804F020FDD9
:10F0500002200549C2010090084600232038F3F73A
:10F0600039FB08BDF5F00008C01800200FB4F0B55A
:10F07000C3B0FF21002549AB013102A8489A00F036
:10F08000E9FB82B2684602800027EFF3108472B673
:10F09000012302A91548F3F71FFA00281BD0144ECC
:10F0A0003078012802D084F3108818E069460F48B0
:10F0B000F3F78CFB0190377001212020F9F79AFDBE
:10F0C00084F3108868460188019804F045FD019892
:10F0D000002804D101E084F310880025ED43284680
:10F0E00043B0F0BC08BC04B018470000A0180020D2
:10F0F0008402002038B5EFF3108472B669460D48DB
:10F10000F3F7FCFA69460B48F3F760FB002806D0DA
:10F1100084F310886946098804F01EFD38BD00217B
:10F120002020F9F767FD04490120087084F3108856
:10F1300038BD0000A01800208402002010B5818C8A
:10F14000C90707D001684A6801235B049A43836AB0
:10F150001A434A60818C890707D501684A680123F0
:10F160001B049A43C36A1A434A60818C490707D536
:10F1700001684A6801239B049A43036B1A434A605F
:10F18000818C090707D501684A680123DB039A438C
:10F19000436B1A434A60818CC90607D5026891689F
:10F1A00001231B039943836B19439160818C89066A
:10F1B00007D501688A6801235B039A43C36B1A432E
:10F1C0008A60818C490612D503685A6801210905B5
:10F1D000046C8A4322435A60026C8A4207D1026857
:10F1E000516803235B059943436C19435160818C3B
:10F1F000090607D501684A680123DB04806C9A433D
:10F2000002434A6010BD0000F8B500260446C666F9
:10F21000F5F7D4FC054620680068124F000709D5B1
:10F2200001212B46002249052046009700F00BFAE9
:10F2300000280DD12068006840070BD501212B461E
:10F24000002289052046009700F0FDF9002801D032
:10F250000320F8BD202060346072A0722672002066
:10F26000F8BD0000FFFFFF0110B5806A00220146D3
:10F2700040314A834A82F7F706FD10BD70B5846AB3
:10F2800025466035687A0026212808D120688068E4
:10F29000000604D552200653204600F040F8A87A14
:10F2A000222808D120688068400604D55A200653D9
:10F2B000204600F025F8E06E10210843E066204665
:10F2C000F7F7E1FC70BD10B501460968806A09686E
:10F2D00089060DD4002252210A5201688A688023CF
:10F2E0009A438A600068016840221143016010BDA2
:10F2F000F7F78EFF10BD10B5806AF7F791FF10BDCC
:10F3000001680A68FF2321339A430A6001688A680A
:10F31000520852008A602021603081727047016873
:10F320000A68C0239A430A60202160304172704706
:10F3300070B50246403201466031938B8D7A0C469F
:10F340000168222D05D088690822104388610220B7
:10F3500070BD496A01268568360389B2B54202D17B
:10F360000569002D0BD01940436D5D1C4565197072
:10F37000518B491E0904090C518307D015E0456DD6
:10F3800019402980416D891C4165F1E701680A68CF
:10F39000FF2321339A430A6001688A6852085200A9
:10F3A0008A602021A172F7F705FE002070BD0000E1
:10F3B000FEB50446016880682269E369104362690A
:10F3C000102700261A4310430A683546784B1A4026
:10F3D00002430A6020684168032212039143E268F5
:10F3E00011434160734A2168A069914201D0226AA9
:10F3F00010438A680B231B029A4302438A606E4AB9
:10F4000020686E4990420CD1C8688007800F06D0F2
:10F41000012843D002283FD0032826D124E0012729
:10F4200023E0674A90420AD1C8680C21084031D0D5
:10F43000042833D008282FD00C2816D114E0614AB4
:10F44000904227D0604A904224D05A4A90420CD130
:10F45000C9680320800201401CD01015091A1DD074
:10F46000091A19D0814200D108270220F5F7B8FF08
:10F470000190504B514922684039D81300929A426A
:10F4800035D1002F0CD0022F0DD0042F12D0082F11
:10F490001CD113E00027E8E70227E6E70427E4E7AA
:10F4A000F6F7F8F908E00868C00601D5474805E016
:10F4B000474803E0F6F70EFA002873D0626851005F
:10F4C0005118814202D81103814201D2012569E01D
:10F4D000010E06025008002330185941F0F732FEA1
:10F4E000032109023B4A411A914259D9EEE7E269E8
:10F4F00082422DD13B0000F0F2F90906080B2419D5
:10F500002424241F2400019812E0F6F7D3F90FE019
:10F5100008686168C00602D548082F4A01E02F4AF2
:10F5200048088018F0F7E4FD86B20BE0F6F7D2F950
:10F53000616840004A08F4E7616801224808120443
:10F54000EFE70125310909013007400F084327E0A3
:10F550003B0000F0C4F909070A0D061D060606293E
:10F560000600B3E7F6F796F914E0F6F7A3F911E011
:10F5700008686168C00602D54A08144801E01448CA
:10F580004A081018F0F7B4FD81B20098C16009E094
:10F59000F6F7A0F961684A088018F0F7A9FD80B273
:10F5A0002168C8602846FEBD61684A08E9E7000096
:10F5B000F369FFEF0048004000380140401002406E
:10F5C00000440040004C00400050004000093D0055
:10F5D0000024F400FFFC0F0000127A000048E8014C
:10F5E0006921095C212901D002207047024640327E
:10F5F000518A002912D0012381681B03994202D14C
:10F600000169002915D0C16C4B1CC36400680978DE
:10F610008162508A401E50820020704701680A684B
:10F6200080239A430A600068016840221143016008
:10F63000F2E7C16C03680988C905C90D9962C16CFC
:10F64000891CC164E5E7FFB581B017460E46044644
:10F650000A9D1DE0681C1BD0002D05D0F5F7AEFA01
:10F660000499401AA84213D920680168FF22A132E8
:10F670009143016020688168490849008160202029
:10F6800060346072A07200202072032005B0F0BDCB
:10F690002068C1693046884304D00020B842D9D0E0
:10F6A0000020F3E70120F9E70EB501210520C9028A
:10F6B0000007F5F777FA002810D1094800880028DC
:10F6C0000CD0684604F056F96846F1F72FFE014663
:10F6D000044AF039914200D300200EBD02480EBD0D
:10F6E0002C01002081160000FFFF000010B503F080
:10F6F000D7FE10BD10B50348012141710248FFF744
:10F7000073FC10BDB4000020B408002038B50546D5
:10F710000E481446027B6846827041700D210170CC
:10F720000B48417F002902D00E216A4611706946BC
:10F73000807EFCF72AFE81B22819884203D8FF2870
:10F7400001D8012038BD002038BD0000341400204D
:10F75000D801002000B587B014216846F0F778FD85
:10F760000948C26A02210A43C262C06A0840059081
:10F77000C8020090032001900020029069460348CF
:10F78000F5F74EF907B000BD00100240000400502C
:10F7900000B587B014216846F0F75AFD0948C26ADF
:10F7A00002210A43C262C06A6A460840C902009147
:10F7B00005900020019002900348F7F7C7FD07B0BD
:10F7C00000BD0000001002400004005000B587B0EA
:10F7D00014216846F0F73CFD0A48C16A0122114332
:10F7E000C162C06A694610400590D00200900320B3
:10F7F00001900020029005200007F5F711F907B0ED
:10F8000000BD00000010024030B587B014216846EA
:10F81000F0F71EFD0E48C26A01210A43C262C06AA7
:10F82000CC0208400094059000200290032005259A
:10F8300001912D0703906A4621462846F7F786FD79
:10F84000002221462846F5F7B2F907B030BD000086
:10F85000001002407CB51546024600201C460029D7
:10F860000BD0491E00920191044B6A46214628465E
:10F8700000F010F9009A002111707CBDCD01010843
:10F880002021020C01D010211046020A01D010469E
:10F890000839020901D01046091F820801D010461C
:10F8A000891E420801D0881E7047081A7047F8B5B3
:10F8B000040C8BB2264682B25E430D0C1046370C08
:10F8C0005843360480190021794116466E43370C9F
:10F8D00036048019794126466E438919F8BD30B443
:10F8E0007446641E2578641CAB4200D21D46635DDD
:10F8F0005B00E31830BC18470048704788020020BE
:10F9000002E008C8121F08C1002AFAD170477047E8
:10F91000002001E001C1121F002AFBD17047000046
:10F92000F0B51FB486B00998089A030D0021024370
:10F9300014D05148514A1818504305141198012801
:10F9400010981AD0281A401C00264D4F4D49009699
:10F9500001910490002812DA444211E01198012428
:10F9600049A3012801D11098C1430698119A8460D7
:10F970000360C26041600BB0F0BD4042E4E7044662
:10F98000210500203F4A001C51410391029012E0E2
:10F99000E00707D032463B4601990098F0F7E8FEB1
:10F9A0000191009032463B4610461946F0F7E0FEC2
:10F9B00006460F466410002CEAD10498039B0028E9
:10F9C000029A0999089806DAF0F7D2FE019B009A8C
:10F9D000F0F7CEFE05E0F0F733FF019B009AF0F759
:10F9E0002FFF04460E460022284BF1F76FF803D88C
:10F9F0000020C043014607E00022254B2046314647
:10FA0000F0F704FEF1F724FA102409E0002C0ADBD9
:10FA10000A220023F0F796FB079B30321A55641E2A
:10FA200002460A43F2D11122641C079B121B1C19C7
:10FA3000119B012B03D0012308430ED10AE0084398
:10FA400004D0112010900020119077E71098151A1B
:10FA50006D1E0BE01098824202DD00236D1C03E056
:10FA6000824201DA00236D1E002BEED00698119918
:10FA70008260C16030C07EE701FCFFFF104D0000D6
:10FA8000000014400000F03F300000000000F04390
:10FA90000000E03FFFB597B00646002518E2252894
:10FAA00077D100242746FD49049400E00443761CE6
:10FAB00032780120203A90400842F7D130782A2845
:10FAC0000ED00222307801463039092916D804991F
:10FAD0000A235943303940181443761C0490F1E747
:10FAE000189802C804911890002904DA01204003F4
:10FAF00004434842049002200443761C30782E28A8
:10FB000014D1042004437078761C2A2809D118984F
:10FB1000761C80C8189009E00A214F43303FC7196E
:10FB2000761C3078014630390929F5D930786C28AF
:10FB300010D006DC4C281AD068280ED06A2817D1BD
:10FB400004E0742813D07A2812D110E00120400577
:10FB500004430CE00121090501E0032109050C43E0
:10FB60007178814203D1012000052418761C761C8F
:10FB70003078119066280BD013DC58287DD009DC32
:10FB800000287BD04528F6D04628F4D047281AD143
:10FB9000A5E118E0632835D0642870D0652812D11B
:10FBA0009DE170286CD008DC6728F1D069287BD0F3
:10FBB0006E280DD06F2806D1BAE073282ED0752894
:10FBC00071D0782859D01A9A199990476D1C7EE106
:10FBD0006002400F022809D003280DD0042818988D
:10FBE00001680DD00D60001D189070E11898EA179B
:10FBF00001680D604A60F6E7189801680D80F2E729
:10FC00000D70F0E718986A4601781172001D18907F
:10FC10000020507202A80090012005E0189802C848
:10FC2000189000200091C04361070DD5002101E02C
:10FC30000199491C0191B94212DA8142F8DB009A1C
:10FC4000515C0029F4D10BE0002101E00199491C2D
:10FC500001918142FADB019A0099895C0029F5D172
:10FC6000019904981A9B471A21463846199A00F0C0
:10FC700097FA0199401945180BE04FE02CE113E089
:10FC80004EE0009800990078491C00911A9A199941
:10FC900090470198401E0190401CF2D12146384601
:10FCA0001A9B199A10E137E00A2000210090019177
:10FCB0006002410F022907D0189A01CA1892C21790
:10FCC0009446032908D00AE01898C01DC108C9004D
:10FCD00005C91891944607E000B2C217944604295A
:10FCE00002D140B2C1178C4600226146944506DA23
:10FCF0000A460021404291418C462D2102E0210517
:10FD000004D52B216A461173012103E0E10701D0DC
:10FD10002021F7E7029155E00A200AE0102008E0D0
:10FD2000102000900021042004430191082703E0E3
:10FD300008200021019100906002410F022907D0A4
:10FD4000189A01CA189200229446032908D008E0A4
:10FD50001898C01DC108C90005C91891944603E050
:10FD600080B2042900D1C0B200210291210729D517
:10FD70001199702906D0009A1021019B4A401A431C
:10FD800005D00EE040216A461173012108E061466A
:10FD9000014306D030216A46117311995173022133
:10FDA0000291009A0821019B4A401A430AD16146F8
:10FDB000014301D1610705D530216A461173012144
:10FDC0007F1E02911199582904D035A10E910DA9D9
:10FDD0000D910DE037A1F9E76146019B009AF0F71C
:10FDE000B1F90E9B8C469B5C0D9A521E0D921370BE
:10FDF00061460143F0D10D9805A9081A2030019001
:10FE0000600703D501200004844300E00127019826
:10FE1000874201DD381A00E0002001990090411866
:10FE2000029809180498401A0490E00306D4214669
:10FE30001A9B199A049800F0B3F94519002706E0B7
:10FE400003A81A9AC05D199990476D1C7F1C0298EF
:10FE50008742F5DBE0030CD521461A9B199A0498DA
:10FE600000F09EF9451904E01A9A3020199990473C
:10FE70006D1C0099481E00900029F5DC08E00D98E3
:10FE80000D990078491C0D911A9A199990476D1C8B
:10FE90000199481E01900029F1DC63E10928010065
:10FEA00030313233343536373839616263646566F0
:10FEB00000000000303132333435363738394142B2
:10FEC000434445460000000000F05AF94519761CED
:10FED0003078002800D0E2E528461BB0F0BD60076E
:10FEE00000D406271898C01DC108C90048680A68D0
:10FEF0000831C30FDB071891190001D09CA108E05D
:10FF0000210501D59BA104E0E10701D09AA100E001
:10FF10009AA1430011985B08109165280CD006DC6B
:10FF2000452809D046281DD0472841D141E0662800
:10FF300018D067283CD13CE00021112F01DB1120B3
:10FF400000E0781C0191009008A911A8FFF7E8FCD7
:10FF5000139905910021119A15927F1C129801970F
:10FF6000009150E00120C00703900120019008A9F2
:10FF7000009711A8FFF7D4FC139A14990592002258
:10FF8000119B009212981593059A0192002901D0B5
:10FF9000104602E0791C40180190381A01D50198EA
:10FFA00004E04042401E0090781C0190C01B02906B
:10FFB00043E0012F00DA01270021112F01DD11207C
:10FFC00000E038460191009008A911A8FFF7A8FCAD
:10FFD00013990591119A0021129815920091019799
:10FFE00021070CD40599B94201DB019900E0019188
:10FFF000012904DD159A491E515C302906D0B8420A
:020000040801F1
:1000000001DA011D05DA0121029115E00199491E6D
:10001000EDE7002805DC0099411800910199091AC3
:1000200003E0019A411C914200DD01910099401AC0
:10003000401C02900120C0070390200706D40299BB
:100040000198814202DB0020C043029000206946F3
:10005000C87707AF012103980337C907884224D026
:10006000022011902B201290039800280CDA4042B5
:1000700003902D20129007E00A210398F0F738F83A
:1000800030317F1E039039701199481E119000295C
:10009000F2DC03980028EFD1791E129808703078AE
:1000A000202108404530BF1E387006A8C01BC01D67
:1000B000039010980078002800D001200199411881
:1000C0000298C0170918039809180498401A401E8E
:1000D0000490E00306D421461A9B199A049800F074
:1000E0005FF8451910980078002803D01A9A1999DA
:1000F00090476D1CE00324D521461A9B199A049859
:1001000000F04EF845191CE00098002807DB009924
:100110000598884203DD1598405C199901E019990A
:1001200030201A9A904700986D1C401C009002984D
:10013000401E0290002804D11A9A2E201999904747
:100140006D1C0199481E01900029DDDC05E038781E
:100150001A9A7F1C199990476D1C0399481E0390A9
:100160000029F4DC21461A9B199A0498ACE6000099
:100170002D0000002B000000200000000000000007
:10018000F8B5044600251E461746880404D405E049
:1001900039462020B0476D1C641EF9D52846F8BDAD
:1001A000FFB50446002581B01E46C80301D530279F
:1001B00000E02027880404D505E038460399B047BD
:1001C0006D1C641EF9D5284605B0F0BD4A68002AAA
:1001D00006D00A68531C0B6010704868401E4860C7
:1001E0007047F0B50E4617460146E037387C85B0BB
:1001F000154600281DD02A46684601F0BDFE0124A0
:1002000008E002F053FB21016846491903F0FAFCAB
:10021000641CE4B2387CA0426846F2D802F0D8FFF1
:10022000200142196946304601F0A6FE002005B0C3
:10023000F0BDFF20FBE70000F0B51346E03389B0C6
:1002400014460D46102908D0182D06D0202D04D0B4
:1002500000201874FF2009B0F0BD224603E00678A4
:100260001670401C521C0E46491EC9B2002EF6D113
:10027000A8007030C0B201900009401E187401201F
:100280002E4606904FE0A71938462038017F04918A
:10029000417F0591817F0391C07F029029463046BE
:1002A000EFF726FF002904D0182D27D9102918D0E0
:1002B00024E01F48059A069B825C04995A400492E8
:1002C000039A825C0592029A825C0392405C0290DF
:1002D000FF225800D9091C3251434840C0B2069051
:1002E0000CE013480499415C04910599415C059127
:1002F0000399415C03910299405C0290701BC0B26B
:10030000215C049A20185140A1554178059A51402A
:1003100079708178039A5140B970C0780299484049
:10032000361DF870F6B201988642ACD3002092E7F1
:10033000B644010810B50348008902F037FD0020DB
:1003400010BD00002401002008B56A4606A103F094
:10035000FDF8012801D0022008BD68460349008845
:100360000881002008BD0000256400002401002051
:100370000EB50220694608706846F8F75DFF03F085
:100380007DFA002804D16846007902F00FFD0020B4
:100390000EBD0EB502216A4611700078302805D0D6
:1003A000312801D002200EBD012000E00020107194
:1003B0001046F8F7BDFF03F061FA0EBD10B501F06D
:1003C00083FF02F0C7FC002010BD1CB504460222CA
:1003D000694602F071FF082804D0012269462046D0
:1003E00002F06AFF684601F073FF00201CBD10B5E3
:1003F00001F078FF02F088FC002010BD1FB5044614
:100400000222694602F01EFF102804D0012269462C
:10041000204602F017FF684601F068FF002004B094
:1004200010BD10B501F078FF02F06EFC002010BD89
:100430001FB504460222694602F004FF102804D0CA
:1004400001226946204602F0FDFE684601F068FF81
:10045000002004B010BD00003EB5012168460170C7
:10046000F8F7EAFE044668460079012805D12248DB
:100470000078C00701D005203EBD20A0FEF7F6FDA4
:100480000028FAD12CA0FEF7F1FD0028FAD12B4864
:10049000FEF7AAFD2A48FEF7A7FD2A48FEF7A4FDAD
:1004A0002948FEF7A1FD2948FEF79EFD2848FEF7E2
:1004B0009BFD02F097FCFF20F530F4F7CAF9002C01
:1004C00017D168460079012804D022480078002816
:1004D00007D00EE020A0FEF7C9FD0028FAD11C4885
:1004E00005E01DA0FEF7C2FD0028FAD11448FEF772
:1004F00043FD00203EBD0000180200200A0D537489
:100500006F70205478206576656E74732C506C651E
:10051000617365207761697420666F7220616C6C0D
:1005200020636F6E66696775726174696F6E7320A0
:10053000746F207072696E740D0A000084140020BC
:10054000B414002018150020C8140020DC1400206A
:100550003C080020470100200A0D5374617274208A
:100560005478206576656E74730D0A00FEB501F04F
:100570008FFD02F01BFC01F08BFDC0B20A282FD0CA
:100580001F4F20490191204E20493D463C46009195
:1005900000282ED0401EF0F7F3F92A463346F0F734
:1005A000E7F83A46019BF0F731F805460E4600277A
:1005B0002A46334616A0FEF759FD0028F8D12246F8
:1005C00028463146009BF0F721F87F1C05460E4671
:1005D000082FEDDB10A0FEF749FD0028FAD10DE051
:1005E0000E49074D0191084900270D4E2C460091F8
:1005F000D0E70CA0FEF73AFD0028FAD10020FEBD9E
:100600009A99999999998C409999F93F9999C93FE3
:10061000252E3166200000000A0D000000988C4055
:100620009999B93F5573652064656661756C74204E
:100630006368616E6E656C0D0A00000008B56A465D
:100640000FA102F083FF012801D0022008BD6846F7
:100650000078082808D901206946087009A0FEF72B
:1006600005FD0028FAD104E00EA0FEF7FFFC0028EB
:10067000FAD16846007801F011FD002008BD0000A5
:10068000256400004572726F722053756262616E5C
:10069000642C206D7573742062652030207E2038B4
:1006A0000D0A0000417474656E74696F6E3A54618E
:1006B0006B6520656666656374206166746572208B
:1006C00041545A0D0A00000010B501F0D5FC02F0AB
:1006D0007BFB002010BD000008B56A4609A102F0AE
:1006E00035FF012807D108490098084A411891426E
:1006F00003D3002801D0022008BD01F0C3FC002074
:1007000008BD0000256C7500FF1E0AFAFEE8A4353E
:1007100070B5054D01242C7004A0FEF7A7FC00283D
:10072000FAD12C7070BD000024010020456E746564
:1007300072204465627567206D6F64650D0A000064
:100740000EB51520694608706846F8F775FD03F088
:1007500095F8002805D169460420085602F026FBCA
:1007600000200EBD08B56A460BA102F0EFFE01287D
:1007700001D0022008BD694600200856072801D094
:100780000E2801DB032008BD01F062FE04A0FEF785
:100790006DFC0028FAD108BD2568687500000000CE
:1007A000417474656E74696F6E3A54616B6520654F
:1007B00066666563742061667465722041542B41DE
:1007C00044523D300D0A000010B501F0B3FD002089
:1007D00010BD38B504460222694602F0ABFD04287C
:1007E00004D001226946204602F0A4FD009801F0E1
:1007F000C5FD002038BD10B501F0C6FD02F0AAFA13
:10080000002010BD1CB504460222694602F054FDCA
:10081000082804D001226946204602F04DFD6846B2
:1008200001F0B6FD00201CBD0EB500206946087021
:100830006846F8F701FD03F021F8002807D1684663
:10084000017903A04131FEF711FC0028F7D10EBD5C
:1008500025630D0A000000000EB500216A461170E4
:100860000078412805D0422803D0432801D0022037
:100870000EBD413810711046F8F75AFD02F0FEFF28
:100880000028F5D102A0FEF7F1FB0028FAD10EBD39
:10089000417474656E74696F6E3A54616B6520655E
:1008A00066666563742061667465722041545A0DF2
:1008B0000A0000000EB51920694608706846F8F76E
:1008C000BBFC02F0DBFF002803D1019802F07CFAA8
:1008D00000200EBD0EB519216A46117006A101AAAD
:1008E00002F034FE012801D002200EBD6846F8F760
:1008F0001FFD02F0C3FF0EBD256C750010B501F0A1
:1009000051FD012806D006A0FEF7B0FB0028FAD161
:10091000002010BD03A0FEF7A9FB0028FAD1F7E7DD
:10092000300D0A00310D0A0010B50078302803D0D0
:10093000312803D0022010BD002000E0012001F08A
:1009400037FD002010BD000010B50348807902F08B
:100950002DFA002010BD00002401002008B56A46D1
:100960000AA102F0F3FD012805D1684600780128AC
:1009700003D0002801D0022008BD0549887105A0D8
:10098000FEF774FB0028FAD108BD000025640000C2
:1009900024010020417474656E74696F6E3A54616D
:1009A0006B65206566666563742061667465722098
:1009B00041545A0D0A0000000748F2F7DBFEF2F737
:1009C000A9FE06A0FEF752FB0028FAD13220F3F769
:1009D00040FFF9F771F80000000008084F4B0A0DBE
:1009E0000000000010B50348007802F0DFF9002095
:1009F00010BD00004C01002008B56A460AA102F0B3
:100A0000A5FD01280ED168460078032805D80749BE
:100A10000870F3F7A3F8002008BD05A0FEF726FB39
:100A20000028FAD1022008BD256400004C010020F6
:100A3000494E544D6F646531206F662072616E6758
:100A400065206973203020746F20330D0A00000088
:100A500010B50348007802F0A9F9002010BD00008D
:100A60004D01002008B56A460AA102F06FFD012879
:100A70000ED168460078032805D807490870F3F7B7
:100A8000ADF8002008BD05A0FEF7F0FA0028FAD165
:100A9000022008BD256400004D010020494E544D40
:100AA0006F646532206F662072616E6765206973BE
:100AB000203020746F20330D0A00000010B5034869
:100AC000007802F073F9002010BD00004E010020F4
:100AD00008B56A460AA102F039FD01280ED1684620
:100AE0000078032805D807490870F3F7B7F8002005
:100AF00008BD05A0FEF7BAFA0028FAD1022008BD09
:100B0000256400004E010020494E544D6F6465334A
:100B1000206F662072616E676520697320302074D3
:100B20006F20330D0A00000010B5F7F705FC002018
:100B300010BD0EB51220694608706846F8F77CFBB8
:100B400002F09CFE002803D1019802F03DF900203C
:100B50000EBD00000EB512216A4611700AA101AA4D
:100B600002F0F4FC012801D002200EBD6846F8F71F
:100B7000DFFB02F083FE0028F7D104A0FEF776FA2F
:100B80000028FAD10EBD0000256C75004174746513
:100B90006E74696F6E3A54616B6520656666656355
:100BA000742061667465722041545A0D0A00000079
:100BB0000EB51320694608706846F8F73DFB02F051
:100BC0005DFE002803D1019802F0FEF800200EBD62
:100BD0000EB513216A4611700AA101AA02F0B6FCF3
:100BE000012801D002200EBD6846F8F7A1FB02F0F3
:100BF00045FE0028F7D104A0FEF738FA0028FAD104
:100C00000EBD0000256C7500417474656E74696FCB
:100C10006E3A54616B652065666665637420616633
:100C20007465722041545A0D0A00000010B5034843
:100C3000007802F0BBF8002010BD00004B0100203E
:100C400008B56A460CA102F081FC012811D1684662
:100C50000078411E082907D80849087008A0FEF747
:100C600005FA0028FAD108BD0EA0FEF7FFF900280A
:100C7000FAD1022008BD0000256400004B010020CD
:100C8000417474656E74696F6E3A54616B6520656A
:100C900066666563742061667465722041545A0DFE
:100CA0000A0000004D6F6465206F662072616E67F8
:100CB00065206973203120746F20390D0A0000000F
:100CC000F0B585B003206946087101A8F8F7B4FAB9
:100CD00002F0D4FD00280FD10298009068460478F5
:100CE000C7788678457832462B46394603A000946B
:100CF000FEF7BCF90028F6D105B0F0BD25303278FA
:100D00002025303278202530327820253032780D79
:100D10000A0000003EB5054603206946087002221D
:100D20006C46284601A902F005FB042804D00122E4
:100D3000211D284602F0FEFA6846F8F7F9FA02F09B
:100D40009DFD3EBD10B501F059FB012800D00020EB
:100D500002F02CF8002010BD10B50078302803D028
:100D6000312803D0022010BD002000E0012001F056
:100D70004BFB03A0FEF77AF90028FAD110BD000062
:100D8000417474656E74696F6E3A54616B65206569
:100D900066666563742061667465722041545A0DFD
:100DA0000A0000000EB50120694608706846F8F791
:100DB00043FA002801D001200EBD684600790028C2
:100DC00000D0012001F0F2FF00200EBD10B501F0AF
:100DD00007FB01F099FF002010BD1FB50446022259
:100DE000694602F02FFA102804D0012269462046F5
:100DF00002F028FA684601F0F7FA002004B010BDAE
:100E00000EB50720694608706846F8F715FA02F033
:100E100035FD002804D16846007901F0C7FF0020A5
:100E20000EBD0EB507216A4611700078302805D036
:100E3000312801D002200EBD012000E000201071F9
:100E40001046F8F775FA02F019FD0EBD10B503480B
:100E5000008801F0ABFF002010BD0000BC000020A6
:100E600008B500216A4611800AA102F06FFB012833
:100E700001D0022008BD68460088074A411E914201
:100E800003D806490880002008BD05A0FEF7EEF84B
:100E9000EFE70000256C7500FEFF0000BC0000209D
:100EA00054686520524A5444432072616E6765203D
:100EB0006973203120746F2036353533350A0D00C3
:100EC00010B50348007801F071FF002010BD00004C
:100ED000B100002008B500216A46117009A102F096
:100EE00035FB012801D0022008BD6846007805289E
:100EF00003D805490870002008BD04A0FEF7B6F825
:100F0000F1E7000025640000B1000020546865206E
:100F1000726573706F6E7365206C6576656C207298
:100F2000616E6765206973203020746F20350A0D6B
:100F30000000000010B50B4C0BA0E179FEF796F80D
:100F40000028F9D1E068002806D0084908A0FEF77B
:100F50008DF80028F9D1E06006A0FEF787F8002898
:100F6000FAD110BD2401002025643A00BC0A0020FB
:100F7000257300000D0A000070B50D4D0DA0E97934
:100F8000FEF774F80028F9D100240B4E06E0315D1D
:100F90000AA0FEF76BF80028F9D1641CE8688442C7
:100FA000F5D308A0FEF762F80028FAD1E86070BD1A
:100FB0002401002025643A00BC0A00202530327844
:100FC000200000000D0A00000EB5102069460870D0
:100FD0006846F8F731F902F051FC002803D1019876
:100FE00001F0F2FE00200EBD0EB510216A46117010
:100FF00006A101AA02F0AAFA012801D002200EBD22
:101000006846F8F795F902F039FC0EBD256C7500BD
:101010000EB50A20694608706846F8F70DF902F027
:101020002DFC002804D16846007A01F0BFFE0020A4
:101030000EBD00003EB504460A20694608706846A9
:10104000F8F7FAF802F01AFC002807D108A12046A8
:1010500002AA02F07BFA012801D002203EBD064917
:10106000012008706846F8F763F902F007FC3EBDFE
:1010700025686875000000004A0100200EB51120A7
:10108000694608706846F8F7D7F802F0F7FB0028C1
:1010900003D1019801F098FE00200EBD0EB511217C
:1010A0006A46117006A101AA02F050FA012801D087
:1010B00002200EBD6846F8F73BF902F0DFFB0EBDDB
:1010C000256C75000EB50A20694608706846F8F769
:1010D000B3F802F0D3FB002803D1019801F066FEBB
:1010E00000200EBD3EB504460A20694608706846D9
:1010F000F8F7A2F802F0C2FB002807D107A12046AA
:1011000001AA02F023FA012801D002203EBD684660
:10111000F8F70EF902F0B2FB3EBD0000256C750039
:101120001CB56B4601AA0BA102F010FA022801D0EF
:1011300002201CBD68460079012802D0022803D095
:1011400005E00649009801E0054900980860002084
:101150001CBD000025642C256C750000D400002007
:10116000D800002038B50446EFF77DF8C5B26A46CE
:1011700016A1204602F0EAF901280AD102E06D1E0C
:10118000EDB2641C207830380928F8D920783A2844
:1011900004D00FA0FDF76AFF022038BD6D1E611C50
:1011A000EDB2402D00D94025134C2A46206801F0AD
:1011B0005BFB25710098607101F02CF90146204617
:1011C000F7F73AFC0028E8D0012038BD25753A0031
:1011D00041542B53454E4420776974686F757420D1
:1011E000746865206170706C69636174696F6E20EA
:1011F000706F72740000000034010020FEB50446D8
:10120000EFF731F8C6B2002501AA21A1204602F06D
:101210009DF9012806D01FA0FDF728FF29E0761EC2
:10122000F6B2641C207830380928F8D920783A289A
:10123000F1D1671C761EF4B20020694688701F4EFB
:1012400013E068003A5C69460A70C019407848703B
:1012500030681BA14219684602F078F9012808D1CC
:10126000A41E6D1CE4B2402D01D2012CE9D8002C43
:1012700001D00220FEBD35710198707101F0CAF8ED
:1012800001460E48F7F7D8FB0028F3D00120FEBD39
:1012900025753A0041542B53454E442077697468B4
:1012A0006F757420746865206170706C6963617417
:1012B000696F6E20706F72740000000034010020AE
:1012C000256868780000000010B50348006801F048
:1012D0007BFD002010BD0000C400002038B56A4628
:1012E00009A102F033F9012801D0022038BD074CD2
:1012F0000098074DA04204D206A0FDF7B7FE2C606F
:10130000F3E72860002038BD256C750070170000D9
:10131000C40000205444432073657474696E6720D0
:101320006D757374206265206D6F726520746861DD
:101330006E2036530A0D00000EB51620694608705F
:101340006846F7F779FF02F099FA002805D1694657
:101350000420085601F02AFD00200EBD0EB516210E
:101360006A4611700AA101AA02F0F0F8012801D022
:1013700002200EBD6846F7F7DBFF02F07FFA002877
:10138000F7D105A0FDF772FE0028FAD10EBD0000CE
:101390002568687500000000417474656E74696F9B
:1013A0006E3A54616B65206566666563742061669C
:1013B0007465722041542B4144523D300D0A0000A7
:1013C0000EB51820694608706846F7F735FF02F039
:1013D00055FA002803D1019801F0F6FC00200EBD5B
:1013E0000EB518216A46117006A101AA02F0AEF8E6
:1013F000012801D002200EBD6846F7F799FF02F0E0
:101400003DFA0EBD256C750070B5064C064D01F019
:1014100001F8014623782A7804A0FDF727FE00286A
:10142000F5D170BDB5000020B600002025642C2544
:10143000642C25640D0A00007FB5054602A80090C3
:1014400001AB03AA1DA1284602F080F8002403285E
:101450000AD003AA1CA1284602F078F801280FD16F
:1014600007216846017104726846007B012807D88D
:1014700069460979072903D86946097A012902D9F9
:10148000022004B070BD114D114E002802D0012879
:1014900008D010E0002000F0C3FF684600792870F3
:1014A000347008E0012000F0BBFF68460079287026
:1014B0006846007A30700020E3E7000025642C25A0
:1014C000642C25640000000025640000B6000020A4
:1014D000B500002010B500F013FF01F067FC0020FC
:1014E00010BD000008B56A4606A102F02FF80128D9
:1014F00001D0022008BD69460020085600F006FF12
:10150000002008BD256868750000000010B5044C77
:1015100004A02178FDF7AAFD0028F9D110BD000034
:101520004401002025640D0A0000000008B56A4649
:1015300007A102F00BF8012807D1684600780128BE
:1015400003D804490870002008BD022008BD00002F
:10155000256400004401002010B5044C04A021784B
:10156000FDF784FD0028F9D110BD000045010020E1
:1015700025640D0A0000000008B56A4608A101F0C4
:10158000E5FF01280AD168460078012806D800281E
:1015900000D0012003490870002008BD022008BDCA
:1015A000256400004501002010B5044C04A02178FA
:1015B000FDF75CFD0028F9D110BD000046010020B8
:1015C00025640D0A0000000008B56A4608A101F074
:1015D000BDFF01280AD168460078012806D80028F6
:1015E00000D0012003490870002008BD022008BD7A
:1015F000256400004601002070B5064C064D074EDC
:1016000023882A88317806A0FDF730FD0028F7D11D
:1016100070BD0000BE000020C0000020B20000200D
:1016200025642C25642C25640D0A00001FB50021BB
:101630006A469180118102A9009101AB03AA13A10E
:1016400001F084FF03281AD16846007B022816D2D5
:101650001149124A087068468188481E904210D885
:101660006846008900280CD00D4A11800D49088079
:101670000DA0FDF7FBFC0028FAD104B010BD02203C
:10168000FBE712A0FDF7F2FCF9E7000025642C252A
:101690006C752C256C750000B2000020FEFF000068
:1016A000C0000020BE000020417474656E74696F34
:1016B0006E3A54616B652065666665637420616689
:1016C0007465722041545A0D0A0000005468652068
:1016D00074696D656F75742072616E6765206973DA
:1016E000203120746F2036353533350A0D00000067
:1016F00000B58DB06A4610A101F028FF012805D180
:1017000068460078002804D001280DD002200DB0D2
:1017100000BD0A480078C00701D00520F7E7012185
:1017200001A8F0F7F5F904E00549012048700549E2
:1017300008700020EBE7000025640000180200207C
:1017400024010020AD00002010B500F03DFE01286E
:1017500000D0002001F02AFB002010BDF8F7ACF902
:101760000120704710B500F061FE01F01FFB002062
:1017700010BD0000F0B58BB00646EEF774FD0024F6
:101780006946C5B28C7203AF12E06000325C6946F4
:101790000A728019407848723A190FA102A801F024
:1017A000D5FE012808D1AD1E641CEDB2FF2C01D27C
:1017B000012DEAD8002D02D002200BB0F0BD02218D
:1017C00068464171047106480097006801696846DF
:1017D00088470020F1E700002568687800000000D5
:1017E0006001002070B5054C054D2278297805A0D0
:1017F000FDF73CFC0028F8D170BD0000B7000020C8
:10180000B800002025642C25640D0A001CB501AB2E
:101810006A460BA101F09AFE022808D168460178B9
:10182000481E0F2803D268460079012801D90220FA
:101830001CBD054A11700549087000201CBD000040
:1018400025642C2564000000B8000020B7000020AB
:1018500010B500F0F1FD01F0B7FA002010BD000056
:1018600010B50348807801F0A1FA002010BD0000F7
:101870002401002008B56A4607A101F067FE01288F
:1018800008D10098FF2805D804490122CA70887041
:10189000002008BD022008BD2564000024010020AE
:1018A00010B50348007901F081FA002010BD000056
:1018B0002401002008B56A4607A101F047FE01286F
:1018C00008D10098FF2805D8044901224A710871FF
:1018D000002008BD022008BD25640000240100206E
:1018E000F3B52BA103C985B0002501902A480291C8
:1018F0002C462E464570FDF7B3FA0390052201A948
:101900002648F5F759FC254F603705E00398FDF7A9
:10191000ADFA2349884202D2787A2028F6D11E4FA8
:10192000012038700246791D1C48F5F7F3FA069835
:10193000F2F78FFF19490020E4393E70592209E07F
:10194000012D07D1059B0F5C1F55641CE4B2072CC9
:1019500000D102256B461B78592B01D1002D03D0F5
:101960000B5C592B08D00BE00B5C592B02D06B465B
:101970001E7005E0012503E0002D01D16B461A70B1
:101980000E54401CC0B23228DAD307B0F0BD0000BC
:101990005A05070167000000140100200C0A00200E
:1019A0008813000010B504A0FDF760FB0028FAD1F1
:1019B00001F04AFB002010BD76312E382E31200078
:1019C00010B5064C2068EFF76DF802460B4604A0F0
:1019D000FDF74CFB0028F5D110BD00005C00002095
:1019E00025302E31660D0A007CB501AB6A4611A187
:1019F00001F0ACFD022803D1684600790A2801D322
:101A000002207CBDEEF7D0FF00220C4BEEF718FF52
:101A1000044668460D460088EEF7C6FF22462B4670
:101A2000EEF7F4FDEFF766F805490860F2F798FA6B
:101A300000207CBD25642E256400000000002440A9
:101A40005C00002010B502F0BDF8002010BD0000C1
:101A500038B50A20F2F7FDFE01212320F6F724FB1A
:101A600020212320F6F720FBC820F2F7F2FE6A4679
:101A700002212320F6F747FA07212320F6F714FB6B
:101A80000D4C2078002801D000200FE06846007837
:101A9000010268464078081880B2EEF785FF074AD1
:101AA000074BEEF7CDFEEEF7DFFF80B2002121708D
:101AB000EEF75FFF38BD00004600002033333333BC
:101AC0003333F33FF8B54A002B4B520DD6182B4A4F
:101AD0000C460546142E2BDA002E12DA284BEEF7B0
:101AE00095FD00221346EEF7F1FF40D2002C03DAF9
:101AF0000124E40700253AE02046284337D0214C52
:101B000014E0214F0B46F7403B402B4331D01C4B98
:101B1000EEF77CFD00221346EEF7D8FF27D2002C0B
:101B200003DD01200005F0400419BC4300251EE040
:101B3000332E1EDC33460027143BFF43DF40384280
:101B400017D00F4BEEF70CFE00221346EEF7BEFF48
:101B50000DD2002C0ADD142E0CD03420811B012064
:101B600088404019A84200D2641C0546BD43214666
:101B70002846F8BD641CF9E701FCFFFF9C7500884E
:101B80003CE4377E0000F03FFFFF0F000248C18EAB
:101B9000491CC186704700006418002003490122D7
:101BA0000A76027A4A76407A88767047841800204E
:101BB0000148007870470000A4170020F3B56F4C6F
:101BC0000546207826460127C03689B000280AD06D
:101BD000A868007860700300FDF781FE0843505448
:101BE000575C6D7091C1287B04287DD1A86801786D
:101BF0000129FAD141780129F7D181780129F4D15D
:101C0000C0780128F1D15E49002008700221E170FE
:101C10005A49F086E03108764876887627706770F2
:101C2000022168460170F7F707FB684601795448BE
:101C300041700221684601700771F7F779FB51483E
:101C4000FDF7D2F94D4850491438FDF71BF94B48C0
:101C50004E491438FDF77EF948481438FDF78CF9E1
:101C60007DE00020F086207002206946087044481C
:101C7000407808716846F7F75BFB70E00220E0707F
:101C80000BB0F0BD3E48077002E03D4900200870EF
:101C90006770F5E7287BE07004202071012006E0E2
:101CA000A9682218095C491C401C1171C0B2E17876
:101CB0008142F5D853E0684607701DE02F4814387C
:101CC000FDF792F9FF20F530F2F7C3FD0027F78604
:101CD00027700221684601752948417868460176D7
:101CE00005A8F7F725FB00E03CE0684607700A9876
:101CF00001AF0FC80FC76846F7F75EFC2FE0287BDF
:101D0000032802D007280DD028E002206946087079
:101D1000A868817842780802104340BA69468880F2
:101D2000684619E0032168460170A8688178427806
:101D30000802104341BA68468180A868C1780279D8
:101D40000904120240791143014364204143029186
:101D5000A868817968460173F7F72EFC67702078D0
:101D600000288DD105481438FDF73EF9A8680078A1
:101D7000002885D10348FDF7FFF881E7A41700206C
:101D8000700200203C080020299B0008701700000A
:101D900070B528480025017E04460126E03C86B047
:101DA000012905D0607801280DD0042813D108E05E
:101DB00005760321E17005212171417E6171807EEC
:101DC000A071667007E00220E0701A482038C08ECB
:101DD000010A21716071E07804A9F7F73BFD002842
:101DE00005D0684605700295858185730FE012481D
:101DF000E02102780F48DC38002A6A4613D01670BA
:101E00001171E178918102900820D073957309488F
:101E1000F438FDF7B1F86846F7F778F9002800D0F4
:101E2000012006B070BD15701171E17891810290AA
:101E3000ECE700008418002070020020F7B50020B5
:101E400092B005460446109017461298EEF70BFA2A
:101E50007900884222D1002618E01298815D10A8EE
:101E60000155641CE4B2E1070FD1AA00694688500D
:101E70006D1C1398EDB24219A80040188038C06F4D
:101E80000EA1521EEEF71EFA0024761C1298EEF7F1
:101E9000EAF9B042E1D8384615B0F0BD1298EEF735
:101EA000E2F979007918491E884204D005A0FDF7AF
:101EB000DDF80028FAD10120EEE7000025686878F7
:101EC0000000000041545F504152414D5F45525265
:101ED0004F5228496E636F7272656374204C656E51
:101EE000677468290D0A000038B517A000680090D3
:101EF000F0F758FA154B042269461548F5F7ACF887
:101F00000120144C0246207013491148F5F702F8DD
:101F1000FF20F530F2F79DFC0020207001F0C4FC9A
:101F2000601C01785A290BD14178052908D18178A4
:101F3000112905D1C178002902D10079702801D07A
:101F4000002038BD012038BD5A04116FFFFF00008A
:101F50000C0A0020470000201901002070B5092854
:101F600000D90920034D84002859FDF77FF8002887
:101F7000FAD170BD0C3E010810B50B78147863409F
:101F800003704B785478634043708B789478634047
:101F90008370CB78D4786340C3700B791479634035
:101FA00003714B795479634043718B799479634021
:101FB0008371CB79D4796340C3710B7A147A63400F
:101FC00003724B7A547A634043728B7A947A6340FB
:101FD0008372CB7AD47A6340C3720B7B147B6340E9
:101FE00003734B7B547B634043738B7B947B6340D5
:101FF0008373C97BD27B5140C17310BD0A780270D4
:102000004A7842708A788270CA78C2700A790271FE
:102010004A7942718A798271CA79C2710A7A0272E6
:102020004A7A42728A7A8272CA7AC2720A7B0273CE
:102030004A7B42738A7B8273C97BC1737047F0B558
:1020400002460020182580260FE014780023521C39
:1020500007466740FF0703D068404008304300E070
:10206000400864085B1C082BF2DB0B46491EC9B212
:10207000002BEAD1F0BD0000014800687047000065
:1020800064010020014908607047000064010020DD
:10209000014800797047000064010020014908717F
:1020A000704700006401002010B51A4800234370F7
:1020B00002224030C2721849012008701549184C9C
:1020C0002839C8710A724A728A72144A2260154C01
:1020D00014222280154C144A2260FF22144CF5323F
:1020E0002280144A144C10702D2252012280134C6D
:1020F00052002280124C07222270124A1370124A98
:102100001370124A1070C870F1F73EF9F0F7D4FF5F
:1021100010BD00006C0100202A010020804F120039
:10212000C4000020BC0000200000C8435C00002068
:102130002C010020B2000020C0000020BE000020C2
:10214000B6000020B5000020B7000020B800002035
:10215000F8B54A002B4B520DD6182B4A0C460546B3
:10216000142E2BDA002E12DA284BEEF74FFA00224B
:102170001346EEF7ABFC40D2002C02DB00242546D0
:102180003BE060004008284337D0214C14E0214F49
:102190000B46F7403B402B4331D01C4BEEF736FA51
:1021A00000221346EEF792FC27D2002C03DA01201E
:1021B0000005F0400419BC4300251EE0332E1EDC50
:1021C00033460027143BFF43DF40384217D00F4B04
:1021D000EEF7C6FA00221346EEF778FC0DD2002C7B
:1021E0000ADA142E0CD03420811B012088404019BB
:1021F000A84200D2641C0546BD4321462846F8BDCE
:10220000641CF9E701FCFFFF9C7500883CE4377E05
:102210000000F0BFFFFF0F0010B50D480169016914
:102220000122D20511430161F1F738FE09494860E6
:102230000A48094901600621416009498160C1607D
:10224000F3F702F8002801D0F1F7B4FB10BD00004D
:102250004010024008000020003000408C020020A6
:10226000FF0F000010B50A4C86B0637A227AE1793C
:10227000A079019002A80EC0607900902379E278DD
:10228000A17804A0FCF7F2FE0028EED106B010BD44
:102290006C0100204465764575693D202530325833
:1022A0002025303258202530325820253032582011
:1022B00025303258202530325820253032582025FC
:1022C0003032580A0D000000004870477C010020A1
:1022D00010B501460822024800F0C6FA10BD000001
:1022E0007C010020004870478401002010B50146A1
:1022F0001022024800F0B8FA10BD0000840100204E
:1023000001490B2008567047AC0100200149C872F2
:1023100070470000AC01002000487047A401002075
:1023200010B501461022024800F09EFA10BD0000D0
:10233000A401002038B50D486946C0686D46020EFC
:102340000A70020C4A70020A8A70C8700024295D63
:1023500007A0FCF78BFE0028F9D1641C042CF6DBE7
:1023600005A0FCF783FE0028FAD138BD6C010020DF
:1023700025303278200000000D0A00000149C860B5
:10238000704700006C010020004870476E0100207B
:1023900010B501460822024800F066FA10BD0000A0
:1023A0006E01002001484078704700006C01002059
:1023B00010B504490128487000D00020F7F7B0FAA2
:1023C00010BD00006C0100200448006D002803D0FF
:1023D0000079002800D00120704700006C01002027
:1023E000004870479401002010B5014610220248B1
:1023F00000F03AFA10BD0000940100200148007876
:10240000704700006C01002001490870704700000F
:102410006C0100200148007B70470000AC010020E7
:102420000149087370470000AC01002001490820F1
:10243000085E7047AC01002001490A200856704729
:10244000AC0100200149142008567047AC0100205F
:102450000149087570470000AC0100200EB5F2F785
:1024600035FFFCF7D1FBF0F7B7FAF5F753F8EFF7C4
:10247000DDFFFFF7D1FEEB49EB48FCF703FDEB492D
:10248000E948FCF767FDE848FCF776FDE848016895
:1024900000290FD1416800290CD18168002909D198
:1024A000C068002806D1F1F70FFBF1F7FFF8C8204C
:1024B000F2F7CFF900F006FB01210846F6F786FB9C
:1024C000DC4908461430F5F775FEDA4CDA4F4C3C1F
:1024D000264600252036EFF7B5FFE07B00281CD00C
:1024E0000120E57320740102052000220007F2F7A5
:1024F0005EFBCD48D1492830FCF7C4FCCA48D0491E
:102500002830FCF727FD0122052011020007F2F711
:102510004EFBC5482830FCF72FFDA07C002809D0D1
:102520003868C10706D1C00604D435707571A5742A
:10253000F5F702FFA07D002816D03868C10713D137
:10254000C00611D40120E075B74835707571283880
:10255000FCF74AFDB4483C30FCF746FDB248503029
:10256000FCF742FDF5F7E8FEA07B00287ED000F0E6
:10257000C5FD3078052804D335706420F2F769F979
:1025800024E0E07A012802D0022815D017E0FF20CD
:10259000F530F2F75EF9A74A11200C321168087085
:1025A000012010710420507100211046F6F744FA02
:1025B000E07A401CE07202E03878C00706D0607E06
:1025C00000280AD03868C10702D006E0F7F766FA9B
:1025D000C00602D4FBF700FE6576E079002844D0FF
:1025E0003868C10741D1C0063FD40121890395480D
:1025F000F2F7D8FA20710121C9039248F2F7D2FA12
:102600006071052010210007F2F7CCFAA071E57186
:10261000627821798A4209D08B4A1278062A05D03D
:10262000092A03D0894A1278012A18D0A27863793E
:102630009A4207D0844A1278072A03D1844A127832
:10264000012A0CD0E27882420FD07F4A1278072A02
:1026500001D0092A09D17F4A1278012A05D1617077
:102660006179A170E0700120607600E0B4E0207E26
:1026700000281BD078480078012814D177480078CA
:10268000002810D13868C1070DD1C0060BD4152120
:1026900068460170F6F7D0FD6846007902281ED022
:1026A000207E002802D0607F032825D0207D627C18
:1026B000104202D0607F01281ED0607D104002D001
:1026C000617F022918D0217E084302D0607F042850
:1026D00012D011432BD0607F05280DD027E055483C
:1026E0000C3001680D70012101710421417100213C
:1026F000F6F7A2F92576D9E73868C10717D1C006E1
:1027000015D42576257565756574A07E002803D0DF
:10271000A576FCF703FA0AE046480C3001680D7014
:1027200001210171042141710021F6F785F9E07F53
:10273000012827D1F5F750FE012823D1A07F0128D9
:1027400020D1618D00291DD0A08D00281AD04448C9
:10275000E5774143344875713C30FCF7FBFB324868
:102760003C30FCF709FCFFF755FE00280AD1A18D8B
:102770003B4841432C485030FCF7ECFB2A48503092
:10278000FCF7FAFBE07E00281BD03868C10718D19F
:10279000C00616D4E576217800208C4606E0254A4E
:1027A0000832135C121D12681354401C8842F6DB79
:1027B000204861460C3001710C2141710021F6F76F
:1027C0003BF9207F002807D03868C10704D1C00634
:1027D00002D4FCF769F92577E07C002817D0E5746E
:1027E0000120E075208D002801D1142020850E489D
:1027F0001C491430FCF746FB218D194841430A4817
:102800001430FCF7A7FB08481430FCF7B5FB207B1D
:10281000002802D0F5F76AFC257372B6F6F756F970
:1028200062B658E6799B0008640800205046000014
:1028300000000808E000002018020020059F0008A2
:1028400088130000000400504B0100204C010020C0
:102850004D0100204E0100202A01002046010020E9
:1028600060EA000099A6000803E00B780370401CA2
:10287000491C1346521E92B2002BF6D170478018A5
:10288000401E03E00B780370401E491C1346521E85
:1028900092B2002BF6D1704701E00170401C134644
:1028A000521E92B2002BF8D1704700007FB504464B
:1028B00001466846FFF7A2FB6B46197880485A79B3
:1028C000455CC11DF9318A5C9B7A5540C21FF93ABB
:1028D000D65C6B46DB7BD35C5E40754025706B46F7
:1028E0001B78D55C6B465B79C35C5D406B469B7A1D
:1028F000CE5C6B46DB7BD35C5E40754065706B469F
:102900001B78D55C6B465B79D35C5D406B469B7AEC
:10291000C65C6B46DB7BCB5C5E407540A5706B464E
:102920001B78CD5C6B465B79D35C5D406B469B7AD4
:10293000D65C6B46DB7BC35C5E407540E5706B46E6
:102940001B79C55C6B465B7ACB5C5D406B469B7BC1
:10295000D65C6B46DB78D35C5E40754025716B4678
:102960001B79D55C6B465B7AC35C5D406B469B7B99
:10297000CE5C6B46DB78D35C5E40754065716B4620
:102980001B79D55C6B465B7AD35C5D406B469B7B69
:10299000C65C6B46DB78CB5C5E407540A5716B46D0
:1029A0001B79CD5C6B465B7AD35C5D406B469B7B51
:1029B000D65C6B46DB78C35C5E407540E5716B4668
:1029C0001B7AC55C6B465B7BCB5C5D406B469B7842
:1029D000D65C6B46DB79D35C5E40754025726B46F6
:1029E0001B7AD55C6B465B7BC35C5D406B469B781A
:1029F000CE5C6B46DB79D35C5E40754065726B469E
:102A00001B7AD55C6B465B7BD35C5D406B469B78E9
:102A1000C65C6B46DB79CB5C5E407540A5726B464D
:102A20001B7ACD5C6B465B7BD35C5D406B469B78D1
:102A3000D65C6B46DB79C35C5E407540E5726B46E5
:102A40001B7BC55C6B465B78CB5C5D406B469B79C2
:102A5000D65C6B46DB7AD35C5E40754025736B4673
:102A60001B7BD55C6B465B78C35C5D406B469B799A
:102A7000CE5C6B46DB7AD35C5E40754065736B461B
:102A80001B7BD55C6B465B78D35C5D406B469B796A
:102A9000C65C6B46DB7ACB5C5E407540A5736B46CB
:102AA0001B7BC95C6B465B78D35C59406B469B795A
:102AB000D25C6B46DB7AC05C42405140E1737FBD23
:102AC000B6450108FEB51748174F00680090384614
:102AD000F0F7F2FF060C85B2144C0220E08100F002
:102AE000C3FCA081E1898E4201D1854218D009043E
:102AF00001430191012201A93846F0F763FE0A4C17
:102B0000583C2046F0F736FEF0F704FE01226946F5
:102B10002046F0F757FE3220F1F79BFEF6F7DAFF7A
:102B2000FEBD0000EC4301085800080844010020E5
:102B3000F1B5017801260025412902D141785429B7
:102B400001D0012517E08178002914D0514F3F2989
:102B500015D0801C012500240090204618214843F0
:102B6000C1194A6839580098EDF792FB002818D02F
:102B7000641C3D2CF1D32846FFF7F0F9F8BD464818
:102B8000FCF774FA0028FAD1002418206043C01919
:102B90004069FCF76BFA0028F7D1641C3D2CF4D394
:102BA000E9E718204443E41961680098081801789F
:102BB00000290AD03D290AD03F29DCD16069FCF701
:102BC00055FA0028FAD10025D5E7216931E041788E
:102BD0003F2902D18178002929D0E168401C88472B
:102BE000246805462DA12046EDF744FB002823D09C
:102BF0002CA12046EDF73EFB00281DD02BA120463E
:102C0000EDF738FB002817D02AA12046EDF732FB5C
:102C1000002811D029A12046EDF72CFB00280BD06D
:102C200029A12046EDF726FB002805D005E0A16884
:102C3000401C884705469EE7022626A12046EDF760
:102C400019FB002897D025A12046EDF713FB00289B
:102C500091D024A12046EDF70DFB00288BD024A1B4
:102C60002046EDF707FB002885D023A12046EDF78D
:102C700001FB002894D0002E92D0002D90D1012E7F
:102C800004D0022E8CD1F0F711FD74E7F0F77CFB35
:102C900071E70000343E0108BC5001082B44455543
:102CA000490000002B415050455549002B415050E0
:102CB0004B4559002B444144445200002B4E574B86
:102CC000534B4559000000002B415050534B455980
:102CD000000000002B53454E444200002B53454E4C
:102CE000440000002B525844415445535400000006
:102CF0002B534554434E54002B47455453454E5394
:102D00004F5256414C55450010B58EB00446E37BFA
:102D1000A27B617B207B0C9309AB07C3E37AA27A89
:102D2000617A207A059006A80EC0E379A2796179CC
:102D30002079019002A80EC0E0780090A378627814
:102D400021780348FCF792F90028E0D10EB010BDBD
:102D50003C48010810B586B00446E379A279617950
:102D60002079019002A80EC0E0780090A3786278E4
:102D7000217803A0FCF77AF90028EED106B010BD47
:102D800025303278202530327820253032782025C1
:102D900030327820253032782025303278202530A6
:102DA000327820253032780D0A00000010B5044634
:102DB000214603A0FCF75AF90028F9D110BD000004
:102DC00025640D0A0000000010B50446214603A04A
:102DD000FCF74CF90028F9D110BD000025750D0A4B
:102DE00000000000F8B50D4E00241820254645438C
:102DF000AF190B48B96881420BD0715909A0FCF793
:102E000035F90028F9D1B968009888473220F1F7E0
:102E100020FD641C3D2CE8D30120F8BD343E0108A0
:102E200061170108415425733D00000070B5164834
:102E30000078002827D0154D154C16A0FCF716F980
:102E40000028FAD114A0FCF711F90028FAD1E87A89
:102E50004006410F14A0FCF709F90028F7D1E87AE1
:102E60000107090F15A0FCF701F90028F7D118A0F8
:102E70002169FCF7FBF80028F9D11BA06169FCF778
:102E8000F5F80028F9D170BD2401002013120020AC
:102E9000141400200D0A00004A6F696E204163631C
:102EA0006570743A0D0A000052783144724F6666BC
:102EB0007365743A25640D0A0000000052783244AC
:102EC000617461726174653A25640D0A0000000046
:102ED0005265636569766544656C6179313A256C44
:102EE00075206D730D0A000052656365697665444F
:102EF000656C6179323A256C75206D730D0A00009E
:102F000000B587B014216846EDF7A2F90948C26AF6
:102F100002210A43C262C06A084005902020009046
:102F2000032001900020029069460348F1F778FDE4
:102F300007B000BD001002400004005010B586B07C
:102F400014216846EDF784F90D48C26A02210A434C
:102F5000C262C06A0B4C08400590202000901120EE
:102F60000190012002900320039069462046F1F76A
:102F700057FD012220212046F1F719FE06B010BDB1
:102F8000001002400004005010B50649064A0868C7
:102F90005043064A801808600549EDF7A9F808462D
:102FA00010BD0000800200206D4EC6413930000087
:102FB000FFFFFF7F70B50D460446FFF7E5FF291BB5
:102FC000491CEDF7ABF8081970BDFCB5160E01965B
:102FD00017041602D2B294461A0E3F0E96461A02F3
:102FE0000097170E1A04079D089C360E120EDBB2CE
:102FF00008281CD0102819D1019808704E7000982C
:1030000088706046C870704608714F718A71CB71C4
:10301000280E0872280C4872280A8872CD72200E79
:103020000873200C4873200A8873CC73FCBD019888
:1030300008704E70009888706046C87070460871BD
:103040004F718A71CB71FCBD10B503A0FCF70EF86F
:103050000028FAD110BD000041553931350A0D0064
:10306000F0B513B406460199EDF7B4FE04460D46DB
:1030700002460B4630460199EDF76CFB0646019877
:103080001B4B0F4600280CDA00223046EDF700FFFC
:103090000CD90022174B30463946EDF717FD1DD2EB
:1030A00014E000223046EDF7F3FE08D20022124B66
:1030B00020462946EDF74EFB04460D460EE0002261
:1030C0000C4B30463946EDF701FD07D800220A4B7C
:1030D00020462946EDF79AFA04460D46019A690002
:1030E0004908D20FD2072046114303B0F0BD0000BB
:1030F0000000E0BF0000E03F0000F03FF8B51F4CCB
:103100001F4F606B01261F4D012815D13878062806
:1031100008D0092806D02868C1070DD1C0060BD4F5
:10312000667609E01848007803E018A0216CFBF7E8
:103130009DFF0028F9D16063A06B012813D1387876
:10314000092806D02868C1070DD1C0060BD46676C1
:1031500009E00D48007803E010A0616CFBF786FFE2
:103160000028F9D1A063E06B012805D12868C107C8
:1031700002D1C00600D46676F8BD0000940000209D
:103180004B0100201802002024010020434F554E1F
:1031900054312069732025750D0A0000434F554EA8
:1031A00054322069732025750D0A000070B514464D
:1031B0000546FF2A00D3FF2422460348FFF754FBAD
:1031C0000248C460C57170BDBC0A00202401002003
:1031D000027818498A5C027002798A5C0271027A6C
:1031E0008A5C0272027B8A5C027343794278CB5C10
:1031F0004370437ACB5C4371437BCB5C43728A5C04
:103200004273837A8278CB5C83708A5C8272837B20
:103210008279CB5C83718A5C8273C37AC27BCB5C1C
:10322000C373C379CB5CC372C378CB5CC371895C55
:10323000C1707047B644010801490860704700003A
:103240008002002030B58FB00C460546012A02D01E
:10325000022A22D02CE023460F335A1E511E0D9312
:10326000481E0AAB07C3431E821EC11E0993001FDE
:1032700006AB07C3E31D0593A21D611D201D02AB14
:1032800007C3E11CA01C01910090631C2246094960
:10329000284600F05BF90FB030BD1022FEF7CEFDDE
:1032A000012805D0102221462846FEF7C7FDF2E787
:1032B0000020F0E79048010830B587B00C4605467D
:1032C000012A02D0022A13D01DE0E31D0593A21D9E
:1032D000611D201D02AB07C3E11CA01C01910090E1
:1032E000631C224609A1284600F030F907B030BD22
:1032F0000822FEF7A3FD012805D008222146284612
:10330000FEF79CFDF2E70020F0E7000025686878F2
:1033100020256868782025686878202568687820E6
:1033200025686878202568687820256868782025D1
:10333000686878007CB50C460546012A02D0022A4E
:103340000AD021E0601C009010A101942846E21CE4
:10335000A31C00F0FBF87CBD04226946FEF76EFD5D
:10336000012811D0042269462846FEF767FD694608
:103370000978E17069464978A17069468978617079
:103380006946C97821707CBD00207CBD25686878BD
:103390002025686878202568687820256868780086
:1033A00070B52F4C2F4D63799E005B1CDBB201285A
:1033B00039D0082839D0102834D108780206487846
:1033C000000410438A7812020243C8781043A851BF
:1033D000087902064879000410438A7912020243F0
:1033E000C87910439A00A8505B1CD8B20A7A4B7A6D
:1033F00012061B0413438A7A12021A43CB7A134330
:103400008200AB500A7B401C13064A7BC0B21204F8
:103410001A438B7BC97B1B02134319438200A950BB
:10342000401C607170BDAA5117E008780206487808
:10343000000410438A7812020243C8781043A8514E
:1034400008794A790006120402438879C979000292
:1034500010430143980029505B1C637170BD00004C
:1034600044010020BC0C00201CB5002100910AA0E2
:103470006B46019107E002781446303C092C02D8D3
:103480005A54491CC9B20278401C002AF3D118468C
:10349000ECF7DBFF80B21CBD76312E382E310000F8
:1034A00010B50248F3F7F0FB10BD00000C0A002035
:1034B0007CB5002504460095019500F017FA7D20A3
:1034C000C000F1F7C6F97D2109016846FEF708FA48
:1034D00000F0EAF968460078002817D16946497873
:1034E000002913D16946897800290FD16946C97826
:1034F00000290BD169460979002907D16946497924
:10350000002903D169468979002918D0694649788C
:10351000090208180A21484380B269462060C87829
:1035200089780002401880B269466060487909795C
:1035300000024018C008FF380138A0607CBD25603B
:103540000148A56060607CBDFEFF00000FB410B5AF
:1035500004AA039900F004F810BC08BC04B0184792
:10356000F7B5FFB091B00D460646ECF77CFE07902C
:1035700000200990049028786D1C002870D0252820
:1035800032D1002208231146042428786D1C3728E4
:1035900040D014DC32283DD008DC00287ED025281D
:1035A00022D0302836D0312843D133E0332831D0EF
:1035B00034282FD035282DD036283AD12AE0642857
:1035C0002FD008DC382825D0392823D0442826D00D
:1035D00058282ED145E0682811D06C2817D07528BE
:1035E00021D0782825D13CE0079900297EDD31786B
:1035F000814235D10798401E761C0790BBE728789A
:10360000682801D02143C0E719436D1CBDE70120A4
:103610000143BAE70A277A431218303AB5E7012086
:103620000143032003E001230320DB0219430A23A3
:103630000493079B002B59DD03289CD15C48521E44
:10364000824200D90246521C052000030143029227
:1036500000200EAA01910C920D900146029A77E08B
:10366000A4E00123DB02032019431023E0E73478B0
:10367000412C17D00DDC22462B3A1300FCF72FF912
:103680000F506A4B6A6A3E3E3E3E3E3E3E3E3E3EE6
:103690006A00612C1AD015DC224600E081E0423A33
:1036A000042A57D8049A0A2A54DD0523019A1B03D9
:1036B0009A430192049AD317ECF774FDE20F362374
:1036C000DB4312E02246623A042A43D8049A0A2ACB
:1036D00040DD0523019A1B039A430192049AD317F4
:1036E000ECF760FDE20F5623DB4300E056E00027D5
:1036F000FF43E3187A41C01851411BE00523019AAA
:103700001B039A430192049AD317ECF74BFDE20F87
:103710002F23DB43E9E7019A920401D401220D92A1
:10372000019AD20416D50123019A1B039A435B0028
:103730001A4301920C9A14700C9A521C0C92079A1C
:10374000521E0792002A05DD029A521E761C029232
:10375000002A8CD10199490428D40C9900220A70BE
:103760000D99002900D040420199C90703D09299D0
:103770000A6810600CE00199490703D592990A681C
:10378000108005E001990907F1D592990A68107037
:10379000091D09989291401C0990ECE609980028AF
:1037A00001D10020C0437FB014B0F0BD0998FAE702
:1037B000FF010000F8B50020264D07462F54401C9D
:1037C0000628FBDB234C01200C3C20702148F9F734
:1037D00001F82078002838D028786978000240184D
:1037E000EDF7E2F800221C4BECF7C2FF00221B4B66
:1037F000EDF726F800221A4BECF7ACFFEDF77AF95B
:1038000006466060E878297900024018EDF7CCF8A8
:103810000022144BECF7ACFF0022104BEDF710F830
:10382000EDF768F91049A060884201DDA16004E06D
:10383000FF21C905C84200D3A7600C48864202DCBC
:103840000B48864200D96060F8BD0A4860600A48AB
:10385000A060F8BD4000002000E06540E0FFEF40C0
:1038600000804640000059400000C8420000FA4273
:10387000000020C233CB4C4500CCCC4501280BD0F6
:1038800003280BD0072806D00B2809D00C2809D014
:10389000002800D0012070470520704702207047A3
:1038A000032070470420704770B50F488CB0C26A7F
:1038B00002210A43C262C06A032408400A90080237
:1038C00000256A4631C20526360769463046F1F7BB
:1038D000A7F80120800205A931C130460C39F1F763
:1038E0009FF80CB070BD00000010024030B587B0EA
:1038F00014216846ECF7ACFC1048C16A0122114360
:10390000C162C06A05251040059050020090022057
:10391000019000200290032004242D0703906946A3
:1039200004942846F1F77CF820020090694604943C
:103930002846F1F775F807B030BD000000100240CE
:1039400010B50B4809490160E1214902416000219D
:103950008160C160016181610C214161F3F736FA38
:10396000002801D0F0F726F810BD00000038014013
:103970000C0A0020F1B5002582B02C463649002003
:1039800008803649096848620122354F16033146DE
:103990003846F1F70CF90120F0F75BFF00223146C1
:1039A0003846F1F704F9FBF75BFA761005273F0775
:1039B000009009E00098FBF759FA01467D20C0000D
:1039C000814201D3012505E031463846F1F7EAF896
:1039D0000028EFD02148F2F7C6FEFBF741FA00902D
:1039E00009E00098FBF742FA01467D20C0008142C1
:1039F00001D3012505E031463846F1F7D3F8002818
:103A0000EFD11648F2F7BAFE14480068406A012D5B
:103A100080B21FD010497D220988D2005143081876
:103A2000ECF7C2FF0F4A104BECF7A2FE0022D24384
:103A3000ECF77EFF00220D4BECF79AFEEDF714F841
:103A40000299620088523220F0F703FF641CE4B24E
:103A5000062C93D3FEBD000050000020AC050020D2
:103A600000040050006F8104C58FA13F0000244076
:103A700010B50248006EF0F701FD10BD9C09002052
:103A800010B50248F3F700F910BD00009C090020B2
:103A900010B50B4988600C480A4901604B21C901E7
:103AA000416000218160C160016181610C2141613F
:103AB000F3F78CF9002801D0EFF77CFF10BD000070
:103AC00014010020004800409C09002030B587B058
:103AD00014216846ECF7BCFB1348C26A01210A4373
:103AE000C262C26A0A400592C26A0A43C262C06ADE
:103AF0000525084005900420009002200190002038
:103B00000290032006242D0703906946049428465A
:103B1000F0F786FF08200090694604942846F0F7E5
:103B20007FFF07B030BD00000010024010B508490B
:103B3000C860012149050748F3F758F80548F3F72D
:103B40003FF803490122091D0248F3F7E3F910BDCC
:103B5000140100209C0900200A4610B501460248C5
:103B6000F3F7DEFA10BD00009C090020F0B585B027
:103B700011A0002400687D27104D03AEFF000390C4
:103B800013E0AC4215D80120034602460190C5213E
:103B9000029700960A48F1F7B1F96846007BC10721
:103BA000C90F6846641C0173A4B26846007B0028F4
:103BB000E7D1204605B0F0BD010000000F2700004E
:103BC0006005002010B50E4C002220212046F0F7A1
:103BD000EEFFFBF719FEFBF7DBFDF0F7B9F9FF206D
:103BE000F530F0F736FEF0F7B3F9FBF7EFFDFBF732
:103BF000B1FD012220212046F0F7D9FF10BD0000C1
:103C00000004005002780B785A40027042784B78DA
:103C10005A40427082788B785A408270C278CB7852
:103C20005A40C27002790B795A40027142794B793D
:103C30005A40427182798B795A408271C279CB792C
:103C40005A40C271027A0B7A5A400272427A4B7A17
:103C50005A404272827A8B7A5A408272C27ACB7A06
:103C60005A40C272027B0B7B5A400273427B4B7BF1
:103C70005A404273827B8B7B5A408273C27BC97BE2
:103C80004A40C27370470000000C23000D1E000E56
:103C9000D2001A01001FAA0024070027120028C121
:103CA000002994002AC10030D800358F003B020063
:103CB0004000004130012340280A000017000000A6
:103CC0001C0C00000F0000003C0F0000070000006B
:103CD00050140000160000009C1800000E000000A8
:103CE000781E000006000000A0280000150000005B
:103CF000D43000000D000000F03C00000500000082
:103D00004051000014000000A86100000C000000F9
:103D1000447A000004000000E4A200001300000048
:103D200050C300000B00000024F40000030000005A
:103D30008545010012000000A08601000A00000075
:103D400048E80100020000002C8B02001100000076
:103D5000400D03000900000090D0030001000000A6
:103D6000E09304000000000019CC0008C5CB000857
:103D700039CB000845C900085DD60008DDD500082C
:103D8000C5CC000815D30008EDD900087DDD00087A
:103D900021C9000851C9000849D4000875DC000891
:103DA000A9DC0008EDD70008F9DF000879DF00087A
:103DB000B5D3000831E0000853D300083DE0000807
:103DC00063D300082DD6000829D7000831C90008A0
:103DD00000000000000000000102030406070809BB
:103DE000030406080C101820300000000001020334
:103DF000041F1C1F1E1F1E1F1F1E1F1E1F1F1D1FF7
:103E00001E1F1E1F1F1E1F1E1F000000144F010833
:103E10006C4F0108584F01087C500108C457010835
:103E20008C4F0108C04F01087C4E01087C4F0108EF
:103E30007853010854590108060000006117010871
:103E40006117010811070108E0570108E05A01084D
:103E50000100000061170108611701085D170108E2
:103E6000A04F0108105A0108040000006117010862
:103E700061170108B90901087C510108645901085A
:103E800005000000F707010805080108611701088F
:103E9000C04E01086C59010807000000BD0301086D
:103EA000CB03010861170108E84E0108C05A010858
:103EB00007000000EF030108FD0301086117010876
:103EC0009C580108085A010806000000C9070108AB
:103ED000D307010861170108D0550108C85A010825
:103EE00008000000CD0D0108DB0D01086117010875
:103EF00030580108D45A01080800000023040108C2
:103F0000310401086117010864580108005A0108CA
:103F10000400000071030108930301086117010800
:103F2000A04D0108E45901080400000039130108FC
:103F30005D13010861170108DC4A0108F459010802
:103F40000300000041070108650701086117010827
:103F5000504A0108285A010804000000FD08010821
:103F60002909010861170108DC510108BC59010841
:103F700004000000010E0108230E0108611701086A
:103F8000604D0108EC59010806000000C510010849
:103F9000E51001086117010800580108F8590108E7
:103FA0000600000011100108351001086117010812
:103FB000904A01088C59010806000000C90F010849
:103FC000E90F010861170108BC5301089C59010859
:103FD000060000007D1001089D100108611701080E
:103FE0007C5401088459010806000000330B0108C5
:103FF000550B010861170108145401089459010870
:1040000006000000B10B0108D10B0108611701087F
:10401000D4540108B459010804000000450D0108FA
:10402000590D010861170108104A010814590108C7
:1040300006000000C10C0108150D010861170108F8
:10404000984E0108B05A010804000000C11301088D
:10405000E113010861170108685201080C590108B1
:1040600004000000B5080108D5080108611701081F
:1040700038520108645A01080600000029080108A6
:104080005908010861170108A8550108C459010819
:10409000050000006117010861170108290B0108DC
:1040A00098520108405A010804000000A50D0108BB
:1040B0006117010861170108FC550108EC58010857
:1040C0000600000061170108FD11010861170108D1
:1040D000185701081C590108050000006117010864
:1040E00065110108611701085C570108F4580108BF
:1040F00006000000790F010861170108790F010817
:10410000E84D0108B85A010805000000350F010804
:1041100061170108350F01081C560108785A01087B
:1041200007000000490901085D090108611701083D
:104130009450010804590108060000004D0E0108C2
:10414000610E010861170108D4520108A459010841
:1041500004000000C10E0108D50E01086117010816
:10416000B0520108185A010804000000A5190108FE
:104170006117010861170108DC4F0108AC590108FB
:10418000040000000914010839140108611701082E
:104190001C490108305A01080400000049170108B1
:1041A0006117010861170108E0480108205A010859
:1041B0000400000051180108611701086117010887
:1041C000845601085C5901080500000065170108C4
:1041D000611701086117010850560108FC580108D1
:1041E00004000000C9120108DD120108611701086E
:1041F0003C550108945A010805000000D514010837
:10420000E51401086117010898570108CC59010805
:1042100007000000611801087518010861170108FE
:1042200050490108D459010807000000A1180108ED
:10423000B518010861170108B0490108885A01083A
:10424000080000000D1501082D150108611701086F
:10425000344B010824590108040000002D0C01080A
:10426000410C01086117010858500108C85801089D
:1042700008000000E5090108F909010861170108B3
:10428000104C0108D458010808000000510A010828
:10429000650A010861170108F04C0108E05801089F
:1042A00008000000BD0A0108D10A010861170108D1
:1042B000804C01083459010807000000611701080B
:1042C00061170108451A0108B8510108DC590108B5
:1042D00007000000C1190108E91901086117010868
:1042E000B8560108A85A0108040000003503010867
:1042F00049030108611701088C530108805A01081D
:104300000700000061170108211101086117010869
:10431000E8560108385A010804000000C9060108DF
:10432000D906010861170108145001082C59010829
:10433000040000006D0501083D0601086117010831
:10434000384E01083C5901080F00000061170108B0
:10435000F116010861170108445101086C5A01085F
:1043600008000000F91501082D1601086117010861
:1043700048530108545A01080E000000E5170108CF
:104380000D180108611701081C4F01087459010834
:104390000D00000059150108791501086117010881
:1043A000C44B0108485A01080A000000A915010879
:1043B000C915010861170108804B01089C5A0108C2
:1043C000090000006117010875170108611701084D
:1043D000185301084C590108040000006117010836
:1043E00061170108590401088455010812000000F2
:1043F0000C0B0A09080708000C0B0A090807000043
:1044000048E8010048E8010048E8010048E80100E8
:1044100048E8010048E8010020A107000000000072
:1044200020A1070020A1070020A1070020A107006C
:1044300020A1070020A107000000000000000000EC
:104440000808080808080908080808080A090808E8
:1044500008080B0A090808080C0B0A0908080D0CC3
:104460000B0A09080D0D0C0B0A0933333373F2F2F2
:10447000F2003581F2F2F2F2000033333373F2F2DC
:10448000F2003581F2F2F2F200000B357DF2F2001B
:104490003581F2F2F2F233333373DEDEDE00216D6A
:1044A000DEDEDEDE0000080A0C0D0E1012141518F8
:1044B0001A1B1D1E2124637C777BF26B6FC53001B4
:1044C000672BFED7AB76CA82C97DFA5947F0ADD4C7
:1044D000A2AF9CA472C0B7FD9326363FF7CC34A59B
:1044E000E5F171D8311504C723C31896059A071250
:1044F00080E2EB27B27509832C1A1B6E5AA0523B3F
:10450000D6B329E32F8453D100ED20FCB15B6ACBF5
:10451000BE394A4C58CFD0EFAAFB434D338545F9FD
:10452000027F503C9FA851A3408F929D38F5BCB6A6
:10453000DA2110FFF3D2CD0C13EC5F974417C4A718
:104540007E3D645D197360814FDC222A908846EEBF
:10455000B814DE5E0BDBE0323A0A4906245CC2D3B3
:10456000AC629195E479E7C8376D8DD54EA96C564C
:10457000F4EA657AAE08BA78252E1CA6B4C6E8DD42
:10458000741F4BBD8B8A703EB5664803F60E6135CD
:1045900057B986C11D9EE1F8981169D98E949B1E6A
:1045A00087E9CE5528DF8CA1890DBFE64268419985
:1045B0002D0FB054BB16C6F8EEF6FFD6DE916002A2
:1045C000CE56E7B54DEC8F1F89FAEFB28EFB41B3A3
:1045D0005F452353E49B75E13D4C6C7EF583685148
:1045E000D1F9E2AB622A0895469D30370A2F0E2496
:1045F0001BDFCD4E7FEA121D583436DCB45BA47647
:10460000B77D52DD5E13A6B900C140E379B6D48D03
:1046100067729498B085BBC54FED869A66118AE99A
:1046200004FEA078254BA25D80053F2170F16377E1
:10463000AF4220E5FDBF811826C3BE35882E9355B5
:10464000FC7AC8BA32E6C0199EA344543B0B8CC70F
:104650006B28A7BC16ADDB647414920C48B89FBDE0
:1046600043C43931D3F2D58B6EDA01B19C49D8AC51
:10467000F3CFCAF447106FF04A5C38577397CBA159
:10468000E83E96610D0FE07C71CC9006F71CC26A83
:10469000AE6917993A27D9EB2B22D2A907332D3CC3
:1046A00015C987AA50A50359091A65D784D082294C
:1046B0005A1E7BA86D2CA584998D0DBDB154500355
:1046C000A97D1962E69A459D408715EBC90BEC67F9
:1046D000FDEABFF7965BC21CAE6A5A41024F5CF41A
:1046E00034089373533F0C52655E28A10FB5093609
:1046F0009B3D2669CD9F1B9E742E2DB2EEFBF64D81
:1047000061CE7B3E7197F568002C601FC8EDBE46F8
:10471000D94BDED4E84A6B2AE516C5D75594CF109D
:104720000681F044BAE3F3FEC08AADBC4804DFC1A1
:104730007563301A0E6D4C14352FE1A2CC3957F247
:104740008247ACE72B95A098D17F667EAB83CA29C0
:10475000D33C79E21D763B564E1EDB0A6CE45D6E5F
:10476000EFA6A8A4378B324359B78C64D2E0B4FAD1
:104770000725AF8EE918D5886F7224F1C751237CC5
:104780009C21DDDC86859042C4AAD8050112A35F76
:10479000F9D0915827B93813B333BB7089A7B62223
:1047A000922049FF787A8FF88017DA31C6B8C3B003
:1047B0007711CBFCD63A004040404040404040405A
:1047C00041414141414040404040404040404040E4
:1047D0004040404040404005020202020202020204
:1047E000020202020202022020202020202020209B
:1047F000200202020202020290909090909010100B
:1048000010101010101010101010101010101010A8
:10481000101002020202020288888888888808082C
:104820000808080808080808080808080808080808
:104830000808020202024000B7470108253032781A
:1048400020253032782025303278202530327820EB
:1048500025303278202530327820253032782025D6
:1048600030327820253032782025303278202530BB
:1048700032782025303278202530327820253032A9
:1048800078202530327820253032780D0A0000005B
:10489000256868782025686878202568687820254C
:1048A00068687820256868782025686878202568F9
:1048B00068782025686878202568687820256868E9
:1048C00078202568687820256868782025686878C9
:1048D0002025686878202568687820256868780031
:1048E00041542B4346533A2047657420636F6E66EC
:1048F00069726D6174696F6E207374617475732071
:104900006F6620746865206C6173742041542B536A
:10491000454E442028302D31290D0A0041542B43A7
:10492000464D3A20476574206F7220536574207499
:10493000686520636F6E6669726D6174696F6E2061
:104940006D6F64652028302D31290D0A00000000AC
:1049500041542B52583157544F3A20476574206FB9
:10496000722053657420746865206E756D6265727F
:10497000206F662073796D626F6C7320746F206492
:10498000657465637420616E642074696D656F750C
:10499000742066726F6D20525877696E646F77313C
:1049A000283020746F20323535290D0A00000000B0
:1049B00041542B52583257544F3A20476574206F58
:1049C000722053657420746865206E756D6265721F
:1049D000206F662073796D626F6C7320746F206432
:1049E000657465637420616E642074696D656F75AC
:1049F000742066726F6D20525877696E646F7732DB
:104A0000283020746F20323535290D0A000000004F
:104A100041542B4E4A4D3A20476574206F72205303
:104A2000657420746865204E6574776F726B204AD8
:104A30006F696E204D6F64652E2028303A20414208
:104A4000502C20313A204F544141290D0A000000DA
:104A500041542B44523A20476574206F72205365AD
:104A60007420746865204461746120526174652EFD
:104A70002028302D3720636F72726573706F6E64FB
:104A8000696E6720746F2044525F58290D0A000038
:104A900041542B52583244523A20476574206F7269
:104AA0002053657420746865205278322077696ECF
:104AB000646F7720646174612072617465202830AE
:104AC0002D3720636F72726573706F6E64696E67E5
:104AD00020746F2044525F58290D0A0041542B5412
:104AE00058503A20476574206F72205365742074C3
:104AF0006865205472616E736D697420506F7765BC
:104B0000722028302D352C204D41583A302C204D24
:104B1000494E3A352C206163636F7264696E672079
:104B2000746F204C6F526157414E2053706563295A
:104B30000D0A000041542B444543525950543A2029
:104B4000476574206F722053657420746865204433
:104B5000656372797074207468652075706C696E15
:104B60006B207061796C6F616428303A44697361BD
:104B7000626C652C313A456E61626C65290D0A00E4
:104B800041542B4449534D4143414E533A204765CC
:104B900074206F722073657420746865204D4143E2
:104BA00020414E532073776974636828303A456E0C
:104BB00061626C652C313A44697361626C65290DE0
:104BC0000A00000041542B44495346434E54434885
:104BD00045434B3A20476574206F722073657420FB
:104BE00074686520446F776E6C696E6B20467261E5
:104BF0006D6520436865636B28303A456E61626C71
:104C0000652C313A44697361626C65290D0A0000B4
:104C100041542B494E544D4F44313A476574206FEF
:104C200072205365742074686520747269676765C3
:104C30007220696E74657272757074206D6F646530
:104C400020666F72205042313428303A44697361D3
:104C5000626C652C313A66616C6C696E67206F72AC
:104C600020726973696E672C323A66616C6C696E8A
:104C7000672C333A726973696E67290D0A00000068
:104C800041542B494E544D4F44333A476574206F7D
:104C90007220536574207468652074726967676553
:104CA0007220696E74657272757074206D6F6465C0
:104CB00020666F722050413428303A446973616233
:104CC0006C652C313A66616C6C696E67206F72207E
:104CD000726973696E672C323A66616C6C696E67D3
:104CE0002C333A726973696E67290D0A000000005F
:104CF00041542B494E544D4F44323A476574206F0E
:104D000072205365742074686520747269676765E2
:104D10007220696E74657272757074206D6F64654F
:104D200020666F72205042313528303A44697361F1
:104D3000626C652C313A66616C6C696E67206F72CB
:104D400020726973696E672C323A66616C6C696EA9
:104D5000672C333A726973696E67290D0A00000087
:104D600041542B504E4D3A20476574206F722053AA
:104D7000657420746865207075626C6963206E6567
:104D800074776F726B206D6F64652E2028303A2027
:104D90006F66662C20313A206F6E290D0A000000E4
:104DA00041542B4144523A20476574206F7220537E
:104DB000657420746865204164617074697665204B
:104DC0004461746120526174652073657474696E06
:104DD000672E2028303A206F66662C20313A206FEB
:104DE0006E290D0A0000000041542B5245435642E3
:104DF0003A205072696E74206C617374207265631E
:104E00006569766564206461746120696E206269F9
:104E10006E61727920666F726D6174202877697493
:104E2000682068657861646563696D616C2076618E
:104E30006C756573290D0A0041542B4348453A208F
:104E4000476574206F7220536574206569676874C4
:104E5000206368616E6E656C73206D6F64652C4FA6
:104E60006E6C7920666F722055533931352C41555F
:104E70003931352C434E3437300D0A000D0A415478
:104E80005F4E4F5F4E4554574F524B5F4A4F494E0E
:104E900045440D0A0000000041542B4E574B494435
:104EA0003A20476574206F722053657420746865DA
:104EB000204E6574776F726B2049440D0A00000024
:104EC00041542B444555493A20476574206F722060
:104ED0005365742074686520446576696365204570
:104EE00055490D0A0000000041542B4150504555D2
:104EF000493A20476574206F7220536574207468A6
:104F000065204170706C69636174696F6E204555EE
:104F1000490D0A000D0A4F4B0D0A000041542B5356
:104F200045544D41584E425452414E533A204765E4
:104F300074206F722073657420746865206D6178C9
:104F4000206E627472616E7320696E204C696E6BA4
:104F50004144520D0A0000000D0A41545F50415275
:104F6000414D5F4552524F520D0A00000D0A415407
:104F70005F4552524F520D0A000000000D0A415485
:104F80005F52585F4552524F520D0A000D0A41546C
:104F90005F425553595F4552524F520D0A0000006F
:104FA00041545A3A205472696720612072657365D2
:104FB00074206F6620746865204D43550D0A00000B
:104FC0000D0A41545F544553545F504152414D5F67
:104FD0004F564552464C4F570D0A000041542B5630
:104FE00045523A204765742063757272656E74206D
:104FF000696D6167652076657273696F6E20616E99
:1050000064204672657175656E63792042616E64D5
:105010000D0A000041542B4348533A204765742041
:105020006F7220536574204672657175656E637981
:105030002028556E69743A20487A2920666F7220BC
:1050400053696E676C65204368616E6E656C204DB8
:105050006F64650D0A00000041542B4D4F443A47E0
:105060006574206F72205365742074686520776FB3
:10507000726B206D6F64650D0A0000000D0A4552C9
:10508000524F523A4E6F7420696E2052616E6765BE
:105090000D0A000041542B4457454C4C543A2047CC
:1050A0006574206F72207365742055706C696E6B27
:1050B0004477656C6C54696D650D0A0041542B3C56
:1050C000434D443E3F20202020202020203A2048ED
:1050D000656C70206F6E203C434D443E0D0A415478
:1050E0002B3C434D443E2020202020202020203AED
:1050F0002052756E203C434D443E0D0A41542B3CDA
:10510000434D443E3D3C76616C75653E203A2053EC
:105110006574207468652076616C75650D0A41546C
:105120002B3C434D443E3D3F202020202020203A70
:1051300020476574207468652076616C75650D0A7A
:105140000000000041542B47455453454E534F52E5
:1051500056414C55453A2052657475726E732074F1
:1051600068652063757272656E742073656E736F07
:10517000722076616C75650D0A00000041542B4663
:1051800044523A20526573657420506172616D65B6
:105190007465727320746F20466163746F72792036
:1051A00044656661756C742C204B6579732052657B
:1051B00073657276650D0A0041542B574549475275
:1051C000453A53657420746865207765696768742B
:1051D00020746F2030670D0A0000000041542B44FA
:1051E00043533A20476574206F72205365742074CE
:1051F0006865204554534920447574792043796388
:105200006C652073657474696E67202D20303D6471
:10521000697361626C652C20313D656E61626C65FD
:10522000202D204F6E6C7920666F72207465737428
:10523000696E670D0A00000041542B4643443A2032
:10524000476574206F72205365742074686520462A
:1052500072616D6520436F756E74657220446F775F
:105260006E6C696E6B0D0A0041542B4643553A2013
:10527000476574206F7220536574207468652046FA
:1052800072616D6520436F756E7465722055706C28
:10529000696E6B0D0A00000041542B4A4F494E3A8B
:1052A000204A6F696E206E6574776F726B0D0A000D
:1052B00041542B52504C3A20476574206F72207332
:1052C000657420726573706F6E7365206C657665AA
:1052D0006C0D0A0041542B524A5444433A2047650E
:1052E00074206F7220736574207468652052654A5B
:1052F0006F696E2064617461207472616E736D6990
:105300007373696F6E20696E74657276616C206963
:105310006E206D696E0D0A0041542B525844415461
:105320004553543A205365742074686520646F7740
:105330006E6C696E6B206461746120646574656372
:1053400074696F6E0D0A000041542B444445544566
:1053500043543A20476574206F722073657420743B
:10536000686520646F776E6C696E6B206465746528
:105370006374696F6E0D0A000D0A6572726F722098
:10538000756E6B6E6F776E0D0A00000041542B3501
:1053900056543A476574206F7220536574206578BF
:1053A00074656E64207468652074696D65206F662D
:1053B00020355620706F7765720D0A0041542B52CC
:1053C0005831444C3A20476574206F7220536574FD
:1053D000207468652064656C617920626574776506
:1053E000656E2074686520656E64206F6620746841
:1053F0006520547820616E6420746865205278209E
:1054000057696E646F77203120696E206D730D0AC5
:105410000000000041542B4A4E31444C3A2047656D
:1054200074206F722053657420746865204A6F6918
:105430006E204163636570742044656C61792062FD
:1054400065747765656E2074686520656E64206F8D
:10545000662074686520547820616E6420746865E5
:10546000204A6F696E2052782057696E646F7720EA
:105470003120696E206D730D0A00000041542B52DB
:105480005832444C3A20476574206F72205365743B
:10549000207468652064656C617920626574776545
:1054A000656E2074686520656E64206F6620746880
:1054B0006520547820616E642074686520527820DD
:1054C00057696E646F77203220696E206D730D0A04
:1054D0000000000041542B4A4E32444C3A204765AC
:1054E00074206F722053657420746865204A6F6958
:1054F0006E204163636570742044656C617920623D
:1055000065747765656E2074686520656E64206FCC
:10551000662074686520547820616E642074686524
:10552000204A6F696E2052782057696E646F772029
:105530003220696E206D730D0A00000041542B5417
:1055400044433A20476574206F7220736574207459
:105550006865206170706C69636174696F6E206446
:10556000617461207472616E736D697373696F6EBB
:1055700020696E74657276616C20696E206D730DA2
:105580000A00000041542B4346473A205072696E8E
:105590007420616C6C20636F6E66696775726174EC
:1055A000696F6E730D0A000041542B434C415353F5
:1055B0003A20476574206F722053657420746865C3
:1055C0002044657669636520436C6173730D0A003E
:1055D00041542B44414444523A20476574206F7231
:1055E000205365742074686520446576696365207E
:1055F000416464726573730D0A00000041542B4EC0
:105600004A533A2047657420746865206A6F696E52
:10561000207374617475730D0A00000041542B529D
:105620004543563A205072696E74206C6173742041
:105630007265636569766564206461746120696E72
:105640002072617720666F726D61740D0A00000030
:1056500041542B525353493A20476574207468656E
:105660002052535349206F6620746865206C617323
:1056700074207265636569766564207061636B652B
:10568000740D0A0041542B534E523A204765742042
:1056900074686520534E52206F6620746865206CD4
:1056A00061737420726563656976656420706163F7
:1056B0006B65740D0A00000041542B574549474162
:1056C000503A476574206F72205365742074686582
:1056D0002047617056616C7565206F66207765693B
:1056E0006768740D0A00000041542B534554434E23
:1056F000543A20476574206F722073657420746873
:105700006520636F756E74206174207072657365B7
:105710006E740D0A0000000041542B53454E444264
:105720003A2053656E642068657861646563696DCD
:10573000616C206461746120616C6F6E67207769B1
:10574000746820746865206170706C696361746945
:105750006F6E20706F72740D0A00000041542B535D
:10576000454E443A2053656E642074657874206415
:1057700061746120616C6F6E672077697468207452
:105780006865206170706C69636174696F6E207008
:105790006F72740D0A00000041542B504F52543A5E
:1057A00020476574206F72207365742074686520CB
:1057B0006170706C69636174696F6E20706F727470
:1057C0000D0A00000D0A4552524F523A52756E2092
:1057D00041542B4644522066697273740D0A0000CE
:1057E00041542B44454255473A536574206D6F72BE
:1057F0006520696E666F20696E7075740D0A000011
:1058000041542B52583246513A20476574206F72EA
:105810002053657420746865205278322077696E51
:10582000646F77206672657175656E63790D0A0025
:1058300041542B4E574B534B45593A2047657420E2
:105840006F722053657420746865204E6574776F9D
:10585000726B2053657373696F6E204B65790D0A07
:105860000000000041542B415050534B45593A2001
:10587000476574206F7220536574207468652041F9
:1058800070706C69636174696F6E205365737369BE
:105890006F6E204B65790D0A0000000041542B41CA
:1058A00050504B45593A20476574206F722053651C
:1058B0007420746865204170706C69636174696FED
:1058C0006E204B65790D0A002B494E544D4F4431E3
:1058D000000000002B494E544D4F443200000000A0
:1058E0002B494E544D4F4433000000002B53454E7E
:1058F000444200002B524543564200002B5444437F
:10590000000000002B524A54444300002B464344FD
:10591000000000002B4E574B494400002B53454ECE
:10592000440000002B4D4F44000000002B4348452D
:10593000000000002B574549475245002B4745546E
:1059400053454E534F5256414C5545002B43464705
:10595000000000002B444542554700002B52535392
:10596000490000002B444555490000002B41505090
:10597000455549002B44495346434E5443484543FB
:105980004B0000002B4A4E31444C00002B52583142
:10599000444C00002B4A4E32444C00002B525832EB
:1059A000444C00002B52504C000000002B43464D4D
:1059B000000000002B4E4A4D000000002B504E4DC1
:1059C000000000002B4A4F494E0000002B52583176
:1059D00057544F002B52583257544F002B574549BC
:1059E000474150002B545850000000002B525832B1
:1059F000465100002B4452002B52583244520000B2
:105A00002B414452000000002B444144445200000A
:105A10002B464452000000002B5645520000000067
:105A20002B534E52000000002B4443530000000053
:105A30002B434653000000002B4348530000000056
:105A40002B4E4A53000000002B4449534D41434123
:105A50004E5300002B5345544D41584E4254524131
:105A60004E5300002B434C41535300002B444445FC
:105A700054454354000000002B4457454C4C5400FF
:105A80002B534554434E54002B44454352595054D4
:105A9000000000002B504F52540000002B5258447D
:105AA00041544553540000002B355654000000006B
:105AB0002B464355000000002B5245435600000082
:105AC0002B4150504B4559002B4E574B534B45598A
:105AD000000000002B415050534B4559000000007E
:105AE0005A000000045B0108000000208C02000046
:105AF000D6120008905B01088C020020341B0000C5
:105B000010F90008011C1315CD140819D014082928
:105B1000D11B08DD041331D2420802290143C843D6
:105B200013F5DF140835CB14087DCC14084DD714B9
:105B30000855D51B083904043D80841E72140316D1
:105B400030753A12AC8301C81308073A20C01274AA
:105B50001B0879041AD1041A6504135D84140849DA
:105B6000811B08050401244B7C0A48011802171107
:105B7000198C5901190C09390109145C0915168988
:105B800019091439014F0A234998C92069240000D2
:04000005080000C12E
:00000001FF
